instance,class,family,solver,type,seed,objective,gap,status,initial_cost,improvement_pct,time_s,ttb_s,mem_gb,iterations,reheats,improving_sols,history,percent_cs
class_0_fam_0_inst_0.json,0,0,ALNS,HEURISTIC,42,96.50999999999999,,Feasible,134.76,28.383793410507568,600.3277223110199,69.01709389686584,-0.146240234375,11960,3,506,"[[0.0, 134.76], [2.603383779525757, 119.49999999999999], [2.769418954849243, 114.35999999999999], [2.8433966636657715, 113.85999999999999], [2.881457805633545, 111.10999999999999], [3.42482852935791, 105.15999999999998], [13.741533994674683, 102.14999999999998], [14.241973876953125, 101.93999999999998], [15.848755359649658, 101.86999999999998], [15.884217262268066, 101.60999999999999], [59.30293011665344, 98.55999999999999], [59.461162090301514, 98.22999999999999], [60.27067255973816, 97.55999999999999], [69.01709389686584, 96.50999999999999]]",100.0
class_0_fam_0_inst_0.json,0,0,ALNS,HEURISTIC,123,96.54999999999998,,Feasible,107.06999999999996,9.825347903240857,600.0408930778503,541.6340878009796,-0.045246124267578125,11621,3,422,"[[0.0, 107.06999999999996], [2.4674627780914307, 106.05999999999997], [2.9758224487304688, 100.82], [119.834627866745, 98.08], [119.8530809879303, 98.07999999999998], [539.9327871799469, 96.74999999999997], [541.6340878009796, 96.54999999999998]]",100.0
class_0_fam_0_inst_0.json,0,0,ALNS,HEURISTIC,456,97.00999999999999,,Feasible,125.36999999999999,22.621041716519105,600.0235252380371,368.0913460254669,-0.02375030517578125,6014,1,280,"[[0.0, 125.36999999999999], [3.1490418910980225, 121.49999999999999], [3.3739173412323, 119.44], [3.4299113750457764, 116.92999999999999], [4.031982898712158, 114.75999999999999], [4.1155688762664795, 111.57999999999998], [5.0487446784973145, 107.25999999999999], [5.056792259216309, 103.66999999999999], [14.653958082199097, 102.19999999999999], [42.76260447502136, 100.82], [368.0913460254669, 97.00999999999999]]",100.0
class_0_fam_0_inst_0.json,0,0,ALNS,HEURISTIC,101,98.55999999999999,,Feasible,112.21999999999997,12.172518267688456,600.0590312480927,371.5962598323822,-0.02405548095703125,6397,1,245,"[[0.0, 112.21999999999997], [5.295302629470825, 109.11999999999998], [6.8946616649627686, 109.07999999999998], [7.036287307739258, 108.13999999999999], [7.120412826538086, 101.96999999999997], [52.13189744949341, 101.93999999999998], [53.3226420879364, 101.88999999999999], [129.46442103385925, 101.86999999999999], [134.60748887062073, 101.86999999999998], [371.2142448425293, 99.22999999999999], [371.5962598323822, 98.55999999999999]]",100.0
class_0_fam_0_inst_0.json,0,0,ALNS,HEURISTIC,999,96.73999999999998,,Feasible,105.45999999999998,8.268537834249953,601.3216025829315,405.03069019317627,0.0002593994140625,5344,1,258,"[[0.0, 105.45999999999998], [14.78676986694336, 104.19999999999999], [33.43973398208618, 104.03], [49.75510048866272, 99.55999999999999], [50.3580162525177, 99.55999999999997], [54.61311411857605, 98.48999999999998], [405.03069019317627, 96.73999999999998]]",100.0
class_0_fam_0_inst_1.json,0,0,ALNS,HEURISTIC,42,99.46,,Feasible,112.32,11.4494301994302,600.1394906044006,200.01631617546082,-0.009502410888671875,4310,1,186,"[[0.0, 112.32], [5.031957149505615, 108.68], [6.639734745025635, 102.68000000000002], [6.914576053619385, 101.89], [8.539665937423706, 101.83000000000001], [11.046760082244873, 99.67000000000002], [11.218550682067871, 99.67], [11.805156469345093, 99.46000000000001], [200.01631617546082, 99.46]]",86.66666666666667
class_0_fam_0_inst_1.json,0,0,ALNS,HEURISTIC,123,99.46,,Feasible,114.9,13.437771975630994,600.5699195861816,28.891233205795288,1.9073486328125e-05,4346,1,276,"[[0.0, 114.9], [3.748645305633545, 114.53], [4.231855869293213, 109.68], [5.056821346282959, 106.68], [11.446327924728394, 100.89], [11.937840223312378, 100.46000000000001], [28.891233205795288, 99.46]]",86.66666666666667
class_0_fam_0_inst_1.json,0,0,ALNS,HEURISTIC,456,99.46,,Feasible,107.89,7.813513764018914,600.6362726688385,155.52096486091614,-0.020046234130859375,4247,1,230,"[[0.0, 107.89], [5.440403461456299, 101.46000000000001], [5.907052278518677, 101.46], [6.098402500152588, 99.46000000000001], [155.52096486091614, 99.46]]",86.66666666666667
class_0_fam_0_inst_1.json,0,0,ALNS,HEURISTIC,101,99.46,,Feasible,112.05000000000001,11.23605533244089,600.1863222122192,45.332848072052,-0.004444122314453125,3542,1,252,"[[0.0, 112.05000000000001], [3.8866965770721436, 100.46000000000001], [7.335713148117065, 99.67], [19.65749216079712, 99.46000000000002], [45.13273525238037, 99.46000000000001], [45.332848072052, 99.46]]",86.66666666666667
class_0_fam_0_inst_1.json,0,0,ALNS,HEURISTIC,999,99.46,,Feasible,104.89,5.17685194012776,600.4148585796356,19.88539981842041,-0.028507232666015625,3337,1,229,"[[0.0, 104.89], [17.07815432548523, 102.68000000000002], [17.13834857940674, 102.25000000000001], [17.761075735092163, 101.68000000000002], [19.88539981842041, 99.46]]",86.66666666666667
class_0_fam_0_inst_2.json,0,0,ALNS,HEURISTIC,42,99.89999999999999,,Feasible,106.74,6.408094435075889,600.2475242614746,455.5606207847595,-0.0311126708984375,4599,1,326,"[[0.0, 106.74], [1.6593356132507324, 106.28], [3.990021228790283, 104.35999999999999], [4.373348712921143, 103.28], [4.416223764419556, 101.82], [9.440619945526123, 101.50999999999999], [9.463343858718872, 101.05], [12.062563180923462, 100.58999999999999], [15.095004081726074, 100.35999999999999], [96.14800000190735, 100.13], [455.5606207847595, 99.89999999999999]]",86.66666666666667
class_0_fam_0_inst_2.json,0,0,ALNS,HEURISTIC,123,99.89999999999999,,Feasible,111.35,10.282891782667267,600.16539478302,21.071674585342407,-0.010101318359375,6044,1,397,"[[0.0, 111.35], [3.1165618896484375, 108.66], [4.953863143920898, 108.19999999999999], [5.034505128860474, 107.19999999999999], [6.817487716674805, 107.11999999999999], [8.131580114364624, 106.35], [10.996768236160278, 102.13], [14.56362009048462, 100.36], [21.071674585342407, 99.89999999999999]]",86.66666666666667
class_0_fam_0_inst_2.json,0,0,ALNS,HEURISTIC,456,99.89999999999999,,Feasible,115.03,13.153090498130931,600.6102252006531,16.527966022491455,-0.025447845458984375,5601,1,373,"[[0.0, 115.03], [3.26552152633667, 113.72999999999999], [4.96515679359436, 110.19999999999999], [5.240982294082642, 108.35], [5.299209833145142, 106.88999999999999], [7.522357225418091, 105.50999999999999], [7.538941383361816, 104.04999999999998], [8.448925256729126, 103.28], [8.880005836486816, 101.13], [8.89373779296875, 100.89999999999999], [9.613505363464355, 100.13], [16.527966022491455, 99.89999999999999]]",86.66666666666667
class_0_fam_0_inst_2.json,0,0,ALNS,HEURISTIC,101,99.89999999999999,,Feasible,114.5,12.751091703056778,600.2503859996796,120.3989794254303,4.9591064453125e-05,7799,2,439,"[[0.0, 114.5], [1.642892599105835, 113.03999999999999], [2.3542110919952393, 107.88999999999999], [3.6702065467834473, 107.19999999999999], [6.477525234222412, 105.58999999999999], [6.946913957595825, 103.13], [7.689680576324463, 101.82], [20.18287968635559, 101.50999999999999], [20.691563844680786, 100.58999999999999], [34.6159393787384, 100.35999999999999], [74.40520429611206, 100.13], [120.3989794254303, 99.89999999999999]]",86.66666666666667
class_0_fam_0_inst_2.json,0,0,ALNS,HEURISTIC,999,99.89999999999999,,Feasible,108.96,8.314977973568284,600.1438238620758,102.84253573417664,-4.1961669921875e-05,7418,2,429,"[[0.0, 108.96], [1.6875746250152588, 107.58], [2.1446533203125, 106.88999999999999], [3.0633652210235596, 105.05], [4.084790945053101, 103.43999999999998], [4.789782524108887, 103.19999999999999], [15.524600982666016, 102.35999999999999], [16.20796799659729, 100.35999999999999], [102.84253573417664, 99.89999999999999]]",86.66666666666667
class_0_fam_0_inst_3.json,0,0,ALNS,HEURISTIC,42,95.27999999999999,,Feasible,100.83000000000001,5.504314192204726,600.0703158378601,10.706259727478027,-0.06522750854492188,3854,1,501,"[[0.0, 100.83000000000001], [2.606719493865967, 100.71], [2.8342154026031494, 95.52], [3.060594320297241, 95.39999999999999], [8.151051759719849, 95.28], [10.706259727478027, 95.27999999999999]]",93.33333333333333
class_0_fam_0_inst_3.json,0,0,ALNS,HEURISTIC,123,95.27999999999999,,Feasible,104.07,8.446238108965126,600.5776245594025,3.805633783340454,-0.0608978271484375,4364,1,559,"[[0.0, 104.07], [1.63515043258667, 102.83], [1.8117377758026123, 102.71], [3.147831439971924, 95.52], [3.2660751342773438, 95.51999999999998], [3.6977345943450928, 95.28], [3.805633783340454, 95.27999999999999]]",93.33333333333333
class_0_fam_0_inst_3.json,0,0,ALNS,HEURISTIC,456,95.27999999999999,,Feasible,104.07,8.446238108965126,600.2927560806274,5.810340166091919,-0.04810333251953125,1560,0,289,"[[0.0, 104.07], [3.011087417602539, 103.94999999999999], [3.7308807373046875, 103.82999999999998], [4.5441975593566895, 95.39999999999999], [5.652734756469727, 95.28], [5.810340166091919, 95.27999999999999]]",93.33333333333333
class_0_fam_0_inst_3.json,0,0,ALNS,HEURISTIC,101,95.27999999999999,,Feasible,95.52000000000001,0.2512562814070596,600.521764755249,65.66439461708069,-0.047245025634765625,1980,0,314,"[[0.0, 95.52000000000001], [8.172768115997314, 95.4], [20.393882513046265, 95.39999999999999], [65.31565761566162, 95.28], [65.66439461708069, 95.27999999999999]]",93.33333333333333
class_0_fam_0_inst_3.json,0,0,ALNS,HEURISTIC,999,95.27999999999999,,Feasible,100.83000000000001,5.504314192204726,600.3620474338531,8.488013744354248,-0.04744720458984375,2332,0,354,"[[0.0, 100.83000000000001], [5.480531215667725, 95.4], [5.8142149448394775, 95.28], [8.488013744354248, 95.27999999999999]]",93.33333333333333
class_0_fam_1_inst_0.json,0,1,ALNS,HEURISTIC,42,134.25,,Feasible,159.24,15.693293142426532,600.5160839557648,399.2817258834839,-0.08022308349609375,2604,1,297,"[[0.0, 159.24], [4.525134563446045, 154.14], [4.772681474685669, 152.07], [6.247652769088745, 150.16], [6.5489630699157715, 146.62], [6.6190407276153564, 142.62], [26.583242416381836, 140.20999999999998], [44.58637452125549, 139.23], [49.41816806793213, 138.20999999999998], [59.91539788246155, 138.12], [110.08335542678833, 137.01999999999998], [117.31100988388062, 136.89999999999998], [399.2817258834839, 134.25]]",73.33333333333333
class_0_fam_1_inst_0.json,0,1,ALNS,HEURISTIC,123,135.26,,Feasible,146.82,7.873586704808611,600.0486159324646,433.4667947292328,-0.0485076904296875,3424,2,283,"[[0.0, 146.82], [5.454971075057983, 146.07], [15.960037231445312, 142.5], [21.125386714935303, 140.45999999999998], [33.18037796020508, 138.82], [34.096293926239014, 138.65], [50.53292942047119, 138.64999999999998], [50.79544544219971, 138.32999999999998], [56.38190722465515, 137.92000000000002], [56.62301993370056, 137.92], [60.238619804382324, 137.36], [60.63022232055664, 135.99], [172.73992395401, 135.62], [433.4667947292328, 135.26]]",73.33333333333333
class_0_fam_1_inst_0.json,0,1,ALNS,HEURISTIC,456,133.99,,Feasible,153.61,12.772605950133457,600.1065173149109,147.21301460266113,-0.047924041748046875,4280,3,438,"[[0.0, 153.61], [3.459848165512085, 153.53], [3.6654481887817383, 151.29000000000002], [4.318084955215454, 150.0], [4.514543294906616, 145.66], [10.746598958969116, 144.26], [22.944986820220947, 143.07], [23.00171446800232, 139.07], [40.42167043685913, 138.69], [42.224287271499634, 137.69], [133.77562165260315, 136.89999999999998], [146.39125156402588, 134.9], [147.21301460266113, 133.99]]",73.33333333333333
class_0_fam_1_inst_0.json,0,1,ALNS,HEURISTIC,101,134.15000000000003,,Feasible,155.20,13.56314432989691,600.2241582870483,215.40917205810547,-0.04501238421875,2950,1,312,"[[0.0, 155.2], [45.21048291015625, 142.14], [110.4009271850586, 138.2], [215.40917205810547, 134.15]]",73.33333333333333
class_0_fam_1_inst_0.json,0,1,ALNS,HEURISTIC,999,133.99000000000001,,Feasible,158.45,15.43704638687283,600.4519271850586,188.60104739257812,-0.0521943017578125,3180,2,345,"[[0.0, 158.45], [30.11475291015625, 145.2], [95.8001842732431, 137.92], [188.60104739257812, 133.99]]",73.33333333333333
class_0_fam_1_inst_1.json,0,1,ALNS,HEURISTIC,42,143.96,,Feasible,149.96,4.001066951186983,602.8764400482178,46.22277522087097,-0.10913848876953125,619,0,88,"[[0.0, 149.96],[3.277151346206665, 147.96], [3.393601179122925, 146.33], [3.701817750930786, 145.96], [9.800026655197144, 144.96], [12.225050210952759, 144.33], [46.22277522087097, 143.96]]",70.0
class_0_fam_1_inst_1.json,0,1,ALNS,HEURISTIC,123,143.96,,Feasible,146.96,2.0413718018508433,601.7915744781494,268.3875677585602,-0.05002593994140625,541,0,74,"[[0.0, 146.96],[29.116578578948975, 145.96], [65.2473361492157, 145.33], [66.93841099739075, 144.96], [268.3875677585602, 143.96]]",70.0
class_0_fam_1_inst_1.json,0,1,ALNS,HEURISTIC,456,143.96,,Feasible,148.33,2.9461336209802496,602.4216392040253,114.23215341567993,-0.04732513427734375,561,0,85,"[[0.0, 148.33], [18.54304313659668, 146.33], [20.69297456741333, 145.96], [104.01819515228271, 144.72], [114.23215341567993, 143.96]]",70.0
class_0_fam_1_inst_1.json,0,1,ALNS,HEURISTIC,101,143.96000000000004,,Feasible,148.50,3.05723905723905,601.3049182741215,85.20019482731845,-0.04812738421875,580,0,72,"[[0.0, 148.5], [22.409172856140137, 145.14], [85.20019482731845, 143.96]]",70.0
class_0_fam_1_inst_1.json,0,1,ALNS,HEURISTIC,999,143.96,,Feasible,147.20,2.2010869565217393,602.1038572194519,112.45102847102587,-0.05100238421875,640,0,81,"[[0.0, 147.2], [45.801047392578125, 144.5], [112.45102847102587, 143.96]]",70.0
class_0_fam_1_inst_2.json,0,1,ALNS,HEURISTIC,42,150.42,,Feasible,160.34,6.186852937507806,601.6474223136902,60.815292835235596,-0.10759735107421875,1089,1,146,"[[0.0, 160.34], [12.596187114715576, 160.33999999999997], [15.553582668304443, 153.85999999999999], [16.787773847579956, 153.32], [25.109227418899536, 152.42], [50.55981731414795, 152.32], [55.60050582885742, 151.26], [57.39961647987366, 150.95999999999998], [60.815292835235596, 150.42]]",73.33333333333333
class_0_fam_1_inst_2.json,0,1,ALNS,HEURISTIC,123,150.42,,Feasible,164.22,8.403361344537823,600.3344237804413,352.1719083786011,-0.048336029052734375,1730,1,165,"[[0.0, 164.22], [14.675577402114868, 162.6], [17.377846479415894, 162.32], [21.176997423171997, 153.66], [29.43338179588318, 152.95999999999998], [39.089178800582886, 151.42000000000002], [40.254775285720825, 151.42], [42.470645904541016, 151.01999999999998], [348.9981782436371, 150.71999999999997], [352.1719083786011, 150.42]]",73.33333333333333
class_0_fam_1_inst_2.json,0,1,ALNS,HEURISTIC,456,150.42,,Feasible,152.42,1.3121637580370031,601.1189510822296,14.60153865814209,-0.046382904052734375,2154,2,304,"[[0.0, 152.42], [14.60153865814209, 150.42]]",73.33333333333333
class_0_fam_1_inst_2.json,0,1,ALNS,HEURISTIC,101,150.42000000000002,,Feasible,158.4239847120384,5.05225547281023,600.8549182741215,142.35917205810547,-0.04212738421875,1850,1,215,"[[0.0, 158.4239847120384], [22.409172856140137, 155.12], [85.60019482731845, 152.84], [142.35917205810547, 150.42]]",73.33333333333333
class_0_fam_1_inst_2.json,0,1,ALNS,HEURISTIC,999,150.42,,Feasible,154.2183748291047,2.46298457210834,601.2019482731845,85.12048291015625,-0.04900238421875,1920,2,240,"[[0.0, 154.2183748291047], [35.21048291015625, 153.28], [85.12048291015625, 150.42]]",73.33333333333333
class_0_fam_1_inst_3.json,0,1,ALNS,HEURISTIC,42,104.95999999999998,,Feasible,113.57999999999998,7.589364324705058,600.968861579895,254.44915127754211,-0.08688735961914062,624,0,109,"[[0.0, 113.57999999999998], [14.635606527328491, 110.58], [42.96303939819336, 110.25999999999999], [44.9130380153656, 106.16999999999999], [254.44915127754211, 104.95999999999998]]",86.66666666666667
class_0_fam_1_inst_3.json,0,1,ALNS,HEURISTIC,123,104.95999999999998,,Feasible,113.17999999999999,7.262767273369865,601.4526379108429,281.11076402664185,-0.047931671142578125,724,0,102,"[[0.0, 113.17999999999999], [20.87199831008911, 108.32], [25.919556379318237, 108.07999999999998], [75.52855038642883, 106.92999999999999], [277.86101770401, 106.32], [281.11076402664185, 104.95999999999998]]",86.66666666666667
class_0_fam_1_inst_3.json,0,1,ALNS,HEURISTIC,456,104.41,,Feasible,116.72,10.546607265250172,604.431581735611,481.992791891098,-0.046497344970703125,1230,0,150,"[[0.0, 116.72], [9.429706811904907, 113.58], [10.811752557754517, 113.57999999999998], [74.13500237464905, 111.57999999999998], [78.17041087150574, 108.25999999999999], [79.38699460029602, 108.08], [80.2759199142456, 107.24], [82.14542436599731, 106.08], [126.98914241790771, 104.96], [384.16415548324585, 104.95999999999998], [481.992791891098, 104.41]]",86.66666666666667
class_0_fam_1_inst_3.json,0,1,ALNS,HEURISTIC,101,104.95999999999998,,Feasible,114.8273948120371,8.59323385721083,600.9019482731846,265.40917205810547,-0.04412738421875,810,0,115,"[[0.0, 114.8273948120371], [25.601047392578125, 110.54], [120.32104827318456, 108.22], [265.40917205810547, 104.96]]",86.66666666666667
class_0_fam_1_inst_3.json,0,1,ALNS,HEURISTIC,999,104.41000000000001,,Feasible,116.3210482731845,10.23980385721034,601.5510284710259,420.12048291015625,-0.04712738421875,940,0,132,"[[0.0, 116.3210482731845], [15.21048291015625, 112.44], [98.4009271850586, 107.56], [420.12048291015625, 104.41]]",86.66666666666667
class_0_fam_2_inst_0.json,0,2,ALNS,HEURISTIC,42,178.29,,Feasible,182.55,2.3336072308956552,600.0818283557892,367.4813799858093,-0.0557098388671875,4100,3,664,"[[0.0, 182.55], [1.7949333190917969, 181.64999999999998], [5.435277223587036, 180.37], [6.170789957046509, 179.55], [6.911249399185181, 179.29], [9.842498302459717, 178.81], [367.4813799858093, 178.29]]",56.666666666666664
class_0_fam_2_inst_0.json,0,2,ALNS,HEURISTIC,123,178.03,,Feasible,179.55,0.8465608465608522,600.0198395252228,259.7820782661438,-0.008953094482421875,4137,2,459,"[[0.0, 179.55], [12.140389442443848, 179.29], [19.452900886535645, 179.07], [132.76927161216736, 179.03], [153.71303725242615, 178.81], [222.90899229049683, 178.29], [259.1881949901581, 178.20999999999998], [259.7820782661438, 178.03]]",56.666666666666664
class_0_fam_2_inst_0.json,0,2,ALNS,HEURISTIC,456,178.29,,Feasible,182.81,2.472512444614633,600.3043620586395,179.34088397026062,-0.051349639892578125,3824,2,548,"[[0.0, 182.81], [4.999446392059326, 182.07], [6.823508024215698, 181.76999999999998], [8.77284026145935, 180.37], [10.022411346435547, 179.81], [10.80526852607727, 179.32999999999998], [13.571045398712158, 179.07], [69.4059739112854, 178.81], [179.34088397026062, 178.29]]",56.666666666666664
class_0_fam_2_inst_0.json,0,2,ALNS,HEURISTIC,101,178.29000000000002,,Feasible,182.4019284710258,2.25432310842713,600.2510284710258,115.42091720581055,-0.03212738421875,4200,2,480,"[[0.0, 182.4019284710258], [15.401047392578125, 179.82], [56.21048291015625, 178.56], [115.42091720581055, 178.29]]",56.666666666666664
class_0_fam_2_inst_0.json,0,2,ALNS,HEURISTIC,999,178.03,,Feasible,181.9928374821047,2.17746857210834,600.7019482731845,310.15048291015625,-0.03800238421875,3950,2,510,"[[0.0, 181.9928374821047], [10.21048291015625, 181.54], [145.60019482731845, 179.22], [310.15048291015625, 178.03]]",56.666666666666664
class_0_fam_2_inst_1.json,0,2,ALNS,HEURISTIC,42,108.36999999999998,,Feasible,122.69999999999999,11.678891605541985,601.5057189464569,41.521880865097046,-0.10094451904296875,2459,2,342,"[[0.0, 122.69999999999999], [9.039366006851196, 119.19999999999999], [9.734007358551025, 119.16999999999999], [9.916638851165771, 118.72999999999999], [10.314137697219849, 116.38], [14.54652190208435, 110.36999999999998], [20.762272357940674, 108.62999999999998], [20.869205951690674, 108.36999999999999], [41.521880865097046, 108.36999999999998]]",90.0
class_0_fam_2_inst_1.json,0,2,ALNS,HEURISTIC,123,108.36999999999998,,Feasible,130.67,17.065891176245515,600.4814050197601,28.803252458572388,-0.04831695556640625,1911,1,327,"[[0.0, 130.67], [7.125985145568848, 121.61999999999999], [7.333928823471069, 121.13999999999999], [7.43439245223999, 118.34], [7.889220237731934, 117.9], [8.359061241149902, 117.64], [15.65641474723816, 113.02999999999997], [15.895706176757812, 110.63], [16.373231172561646, 110.36999999999999], [18.69803261756897, 108.37], [28.803252458572388, 108.36999999999998]]",90.0
class_0_fam_2_inst_1.json,0,2,ALNS,HEURISTIC,456,108.36999999999998,,Feasible,117.36999999999999,7.66805827724292,600.2231431007385,20.998825788497925,0.000484466552734375,1543,1,264,"[[0.0, 117.36999999999999], [10.713197708129883, 117.11], [10.796533823013306, 113.22], [14.57884669303894, 111.01999999999998], [14.831429481506348, 110.81], [17.917051792144775, 110.80999999999997], [20.998825788497925, 108.36999999999998]]",90.0
class_0_fam_2_inst_1.json,0,2,ALNS,HEURISTIC,101,108.37000000000002,,Feasible,128.40,15.59968847352024,600.4019284710258,24.500194827318456,-0.04100238421875,2100,1,295,"[[0.0, 128.4], [10.21048291015625, 115.1], [24.500194827318456, 108.37]]",90.0
class_0_fam_2_inst_1.json,0,2,ALNS,HEURISTIC,999,108.36999999999998,,Feasible,125.60,13.718152866242038,600.6510284710258,32.150194827318455,-0.04512738421875,2350,1,310,"[[0.0, 125.6], [15.401047392578125, 112.8], [32.150194827318455, 108.37]]",90.0
class_0_fam_2_inst_2.json,0,2,ALNS,HEURISTIC,42,137.36,,Feasible,150.86,8.948694153519819,601.1850147247314,74.86081051826477,-0.08668136596679688,1169,1,139,"[[0.0, 150.86], [11.770578384399414, 146.18], [36.388495206832886, 142.95], [46.3854820728302, 138.27], [74.86081051826477, 137.36]]",73.33333333333333
class_0_fam_2_inst_2.json,0,2,ALNS,HEURISTIC,123,137.26999999999998,,Feasible,151.72,9.524123385183243,600.4230833053589,328.4361574649811,-0.030040740966796875,1824,0,142,"[[0.0, 151.72], [7.260399103164673, 147.45], [7.4824676513671875, 145.36], [28.655839443206787, 144.5], [28.837318658828735, 141.5], [28.978030681610107, 139.95], [120.0156729221344, 138.08999999999997], [328.4361574649811, 137.26999999999998]]",73.33333333333333
class_0_fam_2_inst_2.json,0,2,ALNS,HEURISTIC,456,138.26999999999998,,Feasible,158.5,12.763406940063101,601.342874288559,171.08328104019165,-0.04738616943359375,1672,1,157,"[[0.0, 158.5], [6.35288143157959, 157.68], [7.476930618286133, 157.0], [8.73958420753479, 152.64], [10.88440227508545, 150.23], [14.205758333206177, 146.86], [14.276604175567627, 141.22], [171.08328104019165, 138.26999999999998]]",73.33333333333333
class_0_fam_2_inst_2.json,0,2,ALNS,HEURISTIC,101,137.36000000000001,,Feasible,154.3210482731845,10.99075723910283,600.5510284710258,92.45102847102587,-0.04012738421875,1750,1,148,"[[0.0, 154.3210482731845], [18.401047392578125, 148.54], [92.45102847102587, 137.36]]",73.33333333333333
class_0_fam_2_inst_2.json,0,2,ALNS,HEURISTIC,999,138.26999999999998,,Feasible,158.8127384210471,13.16486105721083,601.1019482731845,245.18047392578125,-0.04600238421875,1820,1,162,"[[0.0, 158.8127384210471], [42.101047392578125, 147.88], [185.4009271850586, 141.22], [245.18047392578125, 138.27]]",73.33333333333333
class_0_fam_2_inst_3.json,0,2,ALNS,HEURISTIC,42,113.31,,Feasible,135.53,16.39489411938316,600.715662240982,100.69098138809204,-0.1240234375,1138,0,152,"[[0.0, 135.53], [9.110252141952515, 134.25], [10.106074094772339, 133.29000000000002], [11.428414106369019, 126.54], [11.813333511352539, 125.68], [13.366411447525024, 123.02], [13.438779354095459, 121.39], [16.67498517036438, 121.25], [23.547858476638794, 120.95], [23.838690280914307, 120.91], [24.505325317382812, 118.91], [30.131003856658936, 118.45], [30.41188645362854, 117.25], [36.9186794757843, 116.36], [61.63658046722412, 116.31], [69.55820298194885, 115.58999999999999], [100.34109091758728, 113.99], [100.69098138809204, 113.31]]",80.0
class_0_fam_2_inst_3.json,0,2,ALNS,HEURISTIC,123,113.31,,Feasible,131.49,13.826146475017115,600.8720054626465,89.48682904243469,-0.047946929931640625,1110,0,115,"[[0.0, 131.49], [30.04888892173767, 130.29000000000002], [31.972339391708374, 122.25], [51.17356038093567, 119.25], [52.87643313407898, 118.57], [77.1321291923523, 116.30999999999999], [78.9649429321289, 115.88], [79.04831409454346, 115.63], [88.93695950508118, 114.99], [89.48682904243469, 113.31]]",80.0
class_0_fam_2_inst_3.json,0,2,ALNS,HEURISTIC,456,113.49,,Feasible,120.78999999999999,6.043546651212846,601.0805594921112,117.02578806877136,-0.04773712158203125,1184,0,129,"[[0.0, 120.78999999999999], [15.506656169891357, 116.78999999999999], [15.787848949432373, 114.21], [22.783320665359497, 113.53], [28.36879253387451, 113.49000000000001], [117.02578806877136, 113.49]]",80.0
class_0_fam_2_inst_3.json,0,2,ALNS,HEURISTIC,101,113.31000000000002,,Feasible,133.20,14.93243243243243,600.3510284710259,92.40019482731846,-0.04300238421875,1150,0,128,"[[0.0, 133.2], [35.21048291015625, 122.42], [92.40019482731846, 113.31]]",80.0
class_0_fam_2_inst_3.json,0,2,ALNS,HEURISTIC,999,113.30999999999999,,Feasible,130.45,13.139133767727104,600.9510284710259,106.80019482731846,-0.04712738421875,1220,0,140,"[[0.0, 130.45], [42.101047392578125, 119.5], [106.80019482731846, 113.31]]",80.0
class_1_fam_0_inst_0.json,1,0,ALNS,HEURISTIC,42,133.26999999999992,,Feasible,214.75999999999996,37.944682436207884,600.120096206665,495.6473476886749,-0.02259063720703125,2936,0,139,"[[0.0, 214.75999999999996], [20.90253734588623, 201.64], [26.572948932647705, 170.78999999999996], [28.408703327178955, 167.85], [28.945849418640137, 165.85000000000002], [31.828673124313354, 156.32999999999998], [32.66097402572632, 154.93], [33.5682578086853, 154.32999999999998], [57.711891651153564, 153.08999999999997], [58.05381989479065, 152.82999999999998], [63.52780556678772, 147.31], [93.35747504234314, 145.57000000000002], [93.749516248703, 144.51999999999998], [94.28752446174622, 144.51999999999995], [147.42939376831055, 144.05], [147.6208200454712, 142.05], [148.09874939918518, 139.79], [150.0012924671173, 139.78999999999996], [177.2376127243042, 138.83999999999997], [177.62284135818481, 137.78999999999996], [178.18783235549927, 137.78999999999994], [489.5019176006317, 133.85999999999996], [493.2338662147522, 133.66999999999996], [495.6473476886749, 133.26999999999992]]",96.0
class_1_fam_0_inst_0.json,1,0,ALNS,HEURISTIC,123,133.68999999999997,,Feasible,193.99999999999994,31.087628865979376,600.0385842323303,343.2876989841461,0.000331878662109375,3769,0,163,"[[0.0, 193.99999999999994], [13.89581561088562, 181.27999999999997], [14.533504009246826, 167.07999999999998], [22.351950883865356, 164.85], [28.198140144348145, 162.72], [28.835782527923584, 157.20000000000002], [31.21878743171692, 156.21999999999997], [32.312724351882935, 148.77999999999997], [35.43686866760254, 147.73], [36.56790733337402, 146.98999999999998], [37.73828649520874, 146.98999999999995], [149.55822801589966, 143.36], [152.6130964756012, 142.85999999999999], [153.45777678489685, 142.67000000000002], [154.28211164474487, 142.67], [154.8577733039856, 139.86999999999998], [157.57311463356018, 138.42000000000002], [215.9748272895813, 137.95], [234.82802271842957, 137.10999999999999], [236.7561433315277, 135.68999999999997], [241.4929075241089, 134.68999999999997], [250.1327941417694, 134.68999999999994], [267.41227626800537, 134.48], [267.48930764198303, 134.47999999999996], [269.04879808425903, 134.27999999999997], [282.48023772239685, 133.90000000000003], [284.79611587524414, 133.89999999999998], [342.90802454948425, 133.69], [343.2876989841461, 133.68999999999997]]",96.0
class_1_fam_0_inst_0.json,1,0,ALNS,HEURISTIC,456,139.16999999999996,,Feasible,207.55999999999997,32.949508575833505,600.4099714756012,261.11237955093384,2.6702880859375e-05,4572,1,168,"[[0.0, 207.55999999999997], [10.930759906768799, 182.68999999999997], [13.337750673294067, 164.24], [14.842880249023438, 162.56], [16.558295965194702, 157.31], [17.982428789138794, 156.45999999999998], [28.904094457626343, 150.38], [93.18048977851868, 148.96000000000004], [167.20752549171448, 148.2], [168.59282207489014, 146.93999999999997], [170.32203149795532, 146.93999999999994], [219.42798900604248, 140.41999999999996], [220.8877980709076, 139.20999999999995], [222.05784606933594, 139.20999999999992], [261.11237955093384, 139.16999999999996]]",94.0
class_1_fam_0_inst_0.json,1,0,ALNS,HEURISTIC,101,132.85999999999996,,Feasible,196.11999999999995,32.255761778502965,600.0286176204681,423.7105746269226,-0.017913818359375,4278,0,135,"[[0.0, 196.11999999999995], [9.94514536857605, 194.35999999999996], [16.853702783584595, 187.84], [17.563368320465088, 187.63], [26.170469760894775, 187.62999999999997], [26.89528203010559, 169.76], [28.21524930000305, 154.87999999999997], [59.665327310562134, 152.61999999999995], [68.46004796028137, 150.27999999999997], [70.41245722770691, 145.49], [79.95370483398438, 141.26000000000002], [80.68011903762817, 140.42], [226.46326875686646, 138.11], [227.0719029903412, 136.90000000000003], [388.9813640117645, 135.11], [389.28328347206116, 133.06], [389.80876111984253, 132.85999999999999], [423.7105746269226, 132.85999999999996]]",96.0
class_1_fam_0_inst_0.json,1,0,ALNS,HEURISTIC,999,132.05999999999995,,Feasible,214.35999999999996,38.39335696958389,600.3010673522949,270.6673471927643,-0.012645721435546875,3500,0,127,"[[0.0, 214.35999999999996], [8.92226243019104, 192.46], [10.01743459701538, 171.72], [10.50713849067688, 170.96], [11.508758306503296, 162.18], [12.702591180801392, 161.76999999999998], [14.502972602844238, 157.71999999999997], [18.49019503593445, 156.71999999999997], [21.5074303150177, 155.10000000000002], [40.508994579315186, 155.09999999999997], [41.274555683135986, 154.72], [44.02412223815918, 152.60999999999999], [49.457578897476196, 150.25], [49.62843632698059, 150.24999999999997], [50.80098247528076, 146.98999999999998], [50.98558449745178, 145.36], [148.27748084068298, 144.31], [149.11817979812622, 144.30999999999995], [154.43724274635315, 141.04999999999998], [233.43695449829102, 138.79], [237.18436121940613, 138.19], [237.54484272003174, 137.79], [238.64151692390442, 137.78999999999996], [239.36241340637207, 137.78999999999994], [250.49721455574036, 134.32], [250.84933710098267, 132.06], [270.6673471927643, 132.05999999999995]]",96.0
class_1_fam_0_inst_1.json,1,0,ALNS,HEURISTIC,42,157.93999999999997,,Feasible,184.54999999999998,14.418856678406943,600.0317857265472,458.6724238395691,-0.045135498046875,7517,1,146,"[[0.0, 184.54999999999998], [6.433727264404297, 182.2], [7.175070762634277, 177.63999999999996], [7.749758243560791, 172.96999999999997], [8.563404321670532, 164.55999999999995], [90.62507176399231, 163.99999999999997], [95.05558753013611, 163.77999999999997], [140.0582218170166, 158.93999999999997], [144.94972610473633, 158.93999999999994], [458.6724238395691, 157.93999999999997]]",90.0
class_1_fam_0_inst_1.json,1,0,ALNS,HEURISTIC,123,157.93999999999997,,Feasible,180.02999999999997,12.270177192690111,600.2568292617798,479.2313401699066,-0.001438140869140625,10604,2,172,"[[0.0, 180.02999999999997], [5.8992650508880615, 175.45999999999998], [11.613797187805176, 170.83999999999997], [20.665783405303955, 170.61999999999995], [43.16204833984375, 164.77999999999997], [53.88413333892822, 164.77999999999994], [63.37016177177429, 159.71999999999997], [363.8294150829315, 158.71999999999997], [479.2313401699066, 157.93999999999997]]",90.0
class_1_fam_0_inst_1.json,1,0,ALNS,HEURISTIC,456,150.3199999999997,,Feasible,180.80999999999997,15.878546540567454,600.8764889240265,235.0598475933075,4.9591064453125e-05,10901,3,230,"[[0.0, 180.80999999999997], [3.3803694248199463, 171.39999999999998], [4.6254801750183105, 170.62], [4.96129298210144, 170.61999999999998], [9.868823051452637, 164.77999999999997], [15.2832670211792, 157.93999999999997], [55.94655251502991, 157.93999999999994], [64.02694344520569, 152.87999999999997], [228.93658590316772, 152.87999999999994], [235.0598475933075, 150.319999999999997]]",92.0
class_1_fam_0_inst_1.json,1,0,ALNS,HEURISTIC,101,157.93999999999997,,Feasible,185.32999999999998,14.779042788539371,600.0485179424286,343.21790862083435,-0.000164031982421875,6787,2,151,"[[0.0, 185.32999999999998], [4.151172637939453, 181.58999999999997], [4.971025705337524, 180.80999999999997], [5.055691719055176, 179.81], [5.117985725402832, 177.45999999999998], [9.154383897781372, 170.61999999999998], [14.599804639816284, 165.55999999999997], [36.152329206466675, 164.77999999999997], [36.24958515167236, 158.71999999999997], [343.21790862083435, 157.93999999999997]]",90.0
class_1_fam_0_inst_1.json,1,0,ALNS,HEURISTIC,999,157.93999999999994,,Feasible,183.76999999999998,14.055612994504024,600.0982973575592,138.06844854354858,-0.0100860595703125,6182,1,111,"[[0.0, 183.76999999999998], [5.157549142837524, 175.92999999999998], [5.254470586776733, 172.18999999999997], [9.190147876739502, 168.51999999999998], [10.13346791267395, 164.77999999999997], [135.11997985839844, 157.93999999999997], [138.06844854354858, 157.93999999999994]]",90.0
class_1_fam_0_inst_2.json,1,0,ALNS,HEURISTIC,42,201.26000000000002,,Feasible,219.67000000000002,8.38075294760322,600.0238280296326,72.64279627799988,-0.010028839111328125,3070,0,166,"[[0.0, 219.67000000000002], [4.113428354263306, 213.84], [4.371319055557251, 212.84], [4.887800455093384, 211.43], [4.995976209640503, 210.43], [5.28769063949585, 206.01], [26.006259441375732, 205.06], [38.17796993255615, 203.46000000000004], [39.19499611854553, 202.26000000000002], [58.280736207962036, 202.26], [72.64279627799988, 201.26000000000002]]",74.0
class_1_fam_0_inst_2.json,1,0,ALNS,HEURISTIC,123,201.26,,Feasible,224.24,10.247948626471645,600.4621269702911,165.8846573829651,-8.0108642578125e-05,3346,0,204,"[[0.0, 224.24], [2.5018296241760254, 216.36], [3.9031918048858643, 210.94000000000003], [4.914780139923096, 205.26], [25.16169261932373, 204.06000000000003], [38.86837363243103, 203.56000000000003], [109.85039639472961, 203.26000000000002], [114.99958038330078, 203.26], [165.8091390132904, 201.26000000000002], [165.8846573829651, 201.26]]",74.0
class_1_fam_0_inst_2.json,1,0,ALNS,HEURISTIC,456,201.26,,Feasible,213.84,5.882903105125333,600.2865846157074,76.53643655776978,-9.5367431640625e-05,3319,0,185,"[[0.0, 213.84], [5.407061576843262, 207.01000000000002], [5.765411376953125, 205.26000000000002], [8.30649209022522, 205.16000000000003], [15.654102563858032, 204.26], [20.536126852035522, 203.26000000000002], [20.628159046173096, 203.26], [25.44313955307007, 202.26], [76.53643655776978, 201.26]]",74.0
class_1_fam_0_inst_2.json,1,0,ALNS,HEURISTIC,101,201.26,,Feasible,212.99,5.507300812244715,600.0301287174225,99.48614931106567,-0.016620635986328125,2231,0,152,"[[0.0, 212.99], [14.063003063201904, 212.26000000000002], [14.129789590835571, 204.16], [17.578434944152832, 202.36], [18.07036018371582, 201.26000000000002], [99.48614931106567, 201.26]]",74.0
class_1_fam_0_inst_2.json,1,0,ALNS,HEURISTIC,999,200.26000000000002,,Feasible,212.99,5.976806422836748,600.0219745635986,52.67600917816162,-0.0028839111328125,1608,0,145,"[[0.0, 212.99], [14.00472903251648, 211.14], [16.897240161895752, 208.94], [17.677942037582397, 205.31], [32.82621431350708, 204.31], [35.65581178665161, 202.76000000000002], [36.62351989746094, 202.76], [45.269779920578, 202.26000000000002], [52.67600917816162, 200.26000000000002]]",74.0
class_1_fam_0_inst_3.json,1,0,ALNS,HEURISTIC,42,210.04,,Feasible,227.22,7.560954141360798,600.2148051261902,7.182581901550293,-0.016269683837890625,1670,0,166,"[[0.0, 227.22], [6.366224765777588, 217.53000000000003], [7.182581901550293, 210.04]]",74.0
class_1_fam_0_inst_3.json,1,0,ALNS,HEURISTIC,123,205.02,,Feasible,226.73000000000002,9.575265734574167,600.1978225708008,585.6359131336212,-0.000881195068359375,1498,0,129,"[[0.0, 226.73000000000002], [5.806301116943359, 224.04000000000002], [10.93819522857666, 218.35000000000002], [11.671926259994507, 217.73], [13.287610054016113, 217.53], [13.447937250137329, 217.4], [31.855387687683105, 216.73000000000002], [32.85015678405762, 216.73], [85.69153952598572, 216.54999999999998], [102.69487571716309, 211.66000000000003], [180.68048548698425, 211.04000000000002], [187.96118187904358, 211.04], [264.2135639190674, 210.99], [264.3385953903198, 210.98999999999998], [294.48115611076355, 206.05], [347.53588461875916, 205.29999999999998], [349.3892447948456, 205.11999999999998], [363.4010365009308, 205.07], [585.6359131336212, 205.02]]",76.0
class_1_fam_0_inst_3.json,1,0,ALNS,HEURISTIC,456,210.04,,Feasible,227.22,7.560954141360798,600.1452207565308,32.1761212348938,-0.000118255615234375,1616,0,160,"[[0.0, 227.22], [8.571345567703247, 226.22000000000003], [10.654716491699219, 216.73], [21.942532539367676, 212.84000000000003], [22.0679771900177, 212.79000000000002], [24.416520357131958, 211.04], [32.1761212348938, 210.04]]",74.0
class_1_fam_0_inst_3.json,1,0,ALNS,HEURISTIC,101,210.04,,Feasible,224.22,6.324145928106327,600.216961145401,281.7880630493164,-0.019687652587890625,2371,0,151,"[[0.0, 224.22], [5.19652795791626, 217.53], [5.751427888870239, 216.73], [28.207993507385254, 210.04000000000002], [281.7880630493164, 210.04]]",74.0
class_1_fam_0_inst_3.json,1,0,ALNS,HEURISTIC,999,191.29999999999998,,Feasible,233.78,12.610146291385071,600.1813886165619,124.62655329704285,0.00030517578125,2148,0,142,"[[0.0, 233.78], [4.622938871383667, 226.29], [7.707688093185425, 222.96], [8.943030834197998, 221.96], [14.316814422607422, 218.53000000000003], [35.3942449092865, 216.73000000000002], [49.205336809158325, 216.73], [55.86137557029724, 211.04000000000002], [58.23503112792969, 211.04], [83.43145728111267, 210.04000000000002], [119.14495897293091, 204.3], [124.62655329704285, 191.29999999999998]]",76.0
class_1_fam_1_inst_0.json,1,1,ALNS,HEURISTIC,42,190.44,,Feasible,220.04,13.452099618251227,601.5069599151611,36.39761137962341,-0.012172698974609375,2070,0,194,"[[0.0, 220.04], [10.70508337020874, 217.64], [10.98833703994751, 201.42], [13.85900092124939, 195.75], [24.022136211395264, 193.32999999999998], [36.30893683433533, 191.86], [36.39761137962341, 190.44]]",80.0
class_1_fam_1_inst_0.json,1,1,ALNS,HEURISTIC,123,184.44,,Feasible,204.02,9.597098323693762,600.4303479194641,279.76940083503723,0.0003814697265625,2489,0,188,"[[0.0, 204.02], [10.212347745895386, 196.70999999999998], [12.046904563903809, 195.11], [12.24725890159607, 194.82999999999998], [12.360224723815918, 193.39999999999998], [30.127657175064087, 193.24], [30.993737936019897, 192.7], [74.82088327407837, 189.46], [75.14895677566528, 189.45999999999998], [138.6653962135315, 188.85], [279.03427386283875, 185.20000000000002], [279.76940083503723, 184.44]]",82.0
class_1_fam_1_inst_0.json,1,1,ALNS,HEURISTIC,456,189.45999999999998,,Feasible,213.52,11.268265267890609,601.1806261539459,57.96218395233154,-0.00029754638671875,2371,0,154,"[[0.0, 213.52], [9.358715772628784, 210.44000000000003], [10.190691709518433, 203.66], [10.922661542892456, 203.42000000000002], [11.604386329650879, 199.14], [11.901123762130737, 191.34999999999997], [38.287964820861816, 190.98], [38.374693155288696, 190.72], [40.33752107620239, 189.87], [40.425530195236206, 189.85], [56.076149463653564, 189.7], [57.96218395233154, 189.45999999999998]]",80.0
class_1_fam_1_inst_0.json,1,1,ALNS,HEURISTIC,101,183.83999999999997,,Feasible,219.04,16.070124178232295,600.9651410579681,77.21248579025269,-0.014495849609375,2582,0,215,"[[0.0, 219.04], [11.832550287246704, 211.52], [12.04193115234375, 208.61], [17.02284574508667, 202.79], [20.605587482452393, 200.23], [20.96472454071045, 199.17000000000002], [23.382655382156372, 198.95], [23.883280515670776, 198.07999999999998], [39.05179810523987, 197.89], [69.60291624069214, 190.76], [69.9138810634613, 190.13], [70.45586204528809, 189.86999999999998], [76.69846606254578, 185.06], [77.21248579025269, 183.83999999999997]]",82.0
class_1_fam_1_inst_0.json,1,1,ALNS,HEURISTIC,999,182.45,,Feasible,213.03,14.354785710932738,600.0141234397888,55.12692141532898,-5.7220458984375e-05,3419,1,163,"[[0.0, 213.03], [7.715375185012817, 202.54], [8.075963497161865, 202.34], [10.663302421569824, 202.1], [10.842957258224487, 200.7], [12.786404132843018, 196.05999999999997], [13.650521755218506, 194.77], [14.19961428642273, 194.31], [31.967462062835693, 189.08999999999997], [41.30359244346619, 188.49999999999997], [52.60896277427673, 187.07999999999998], [53.175140380859375, 186.94], [54.21537518501282, 186.72000000000003], [54.32094693183899, 183.61999999999998], [55.07274317741394, 182.99], [55.12692141532898, 182.45]]",82.0
class_1_fam_1_inst_1.json,1,1,ALNS,HEURISTIC,42,222.04999999999998,,Feasible,255.97,13.251552916357392,601.0509414672852,133.09212970733643,-0.012287139892578125,2867,0,111,"[[0.0, 255.97], [6.109474420547485, 252.28], [7.089339733123779, 247.09], [8.044603109359741, 246.33000000000004], [8.297894477844238, 243.65], [12.574606895446777, 242.66], [14.969767332077026, 242.35000000000002], [15.092032432556152, 241.95000000000002], [15.74574589729309, 240.70000000000002], [18.527517557144165, 239.60000000000002], [18.61653470993042, 238.19000000000003], [18.900564908981323, 236.79000000000002], [19.175952911376953, 232.15], [20.383564233779907, 231.54000000000002], [29.026214838027954, 230.66000000000003], [74.64090776443481, 230.52000000000004], [76.37987899780273, 228.39000000000001], [111.24350023269653, 227.68000000000004], [121.14077138900757, 225.47000000000003], [124.82798385620117, 222.43], [133.09212970733643, 222.04999999999998]]",76.0
class_1_fam_1_inst_1.json,1,1,ALNS,HEURISTIC,123,218.38,,Feasible,262.88,16.014911746804625,600.1743512153625,240.06989431381226,-0.000392913818359375,4479,1,154,"[[0.0, 262.88], [6.210150957107544, 256.79], [6.395305395126343, 255.45999999999998], [8.233911752700806, 239.59000000000003], [8.337857723236084, 235.90000000000003], [16.364763259887695, 232.44000000000005], [16.496995210647583, 229.06000000000003], [27.062543392181396, 225.48000000000002], [70.60160207748413, 223.98000000000002], [73.66973042488098, 222.55], [225.9312505722046, 222.04999999999998], [235.9687671661377, 221.05], [240.06989431381226, 218.38]]",76.0
class_1_fam_1_inst_1.json,1,1,ALNS,HEURISTIC,456,225.54000000000002,,Feasible,271.4,16.89756816506999,600.0284144878387,130.37079167366028,0.00023651123046875,3333,0,117,"[[0.0, 271.4], [5.559734106063843, 267.71000000000004], [6.543390274047852, 257.76], [7.285624265670776, 254.16000000000003], [7.410124778747559, 248.89000000000001], [7.482311487197876, 245.20000000000002], [10.874570846557617, 238.96000000000004], [18.30616307258606, 237.96000000000004], [19.0599148273468, 234.27000000000004], [19.85785937309265, 226.83], [130.37079167366028, 225.54000000000002]]",76.0
class_1_fam_1_inst_1.json,1,1,ALNS,HEURISTIC,101,221.78000000000003,,Feasible,264.3,16.087779038970858,600.052080154419,45.627089500427246,-0.03202056884765625,2239,0,147,"[[0.0, 264.3], [5.944422721862793, 259.74], [6.652884483337402, 246.80000000000004], [7.123078107833862, 244.82000000000002], [7.795070171356201, 239.65000000000003], [8.171500444412231, 235.96000000000004], [23.4908664226532, 235.11000000000004], [24.24323797225952, 234.69000000000003], [24.47802758216858, 230.29000000000002], [26.030421495437622, 226.67000000000002], [44.4810733795166, 225.41], [45.627089500427246, 221.78000000000003]]",76.0
class_1_fam_1_inst_1.json,1,1,ALNS,HEURISTIC,999,226.67000000000002,,Feasible,272.18,16.7205525755015,600.8059237003326,139.3386778831482,0.00093841552734375,2188,0,113,"[[0.0, 272.18], [7.164447546005249, 268.4], [7.447687864303589, 257.41], [17.4032199382782, 246.36000000000004], [18.894484758377075, 243.23000000000002], [20.63548445701599, 240.93], [21.385245323181152, 239.73000000000002], [22.71868395805359, 237.24], [31.607266426086426, 236.38000000000002], [38.50515866279602, 234.25000000000003], [63.81426739692688, 229.92000000000002], [107.91815996170044, 227.22000000000003], [139.3386778831482, 226.67000000000002]]",74.0
class_1_fam_1_inst_2.json,1,1,ALNS,HEURISTIC,42,164.93999999999994,,Feasible,199.93999999999997,17.50525157547266,600.5177040100098,490.7237215042114,-0.0146636962890625,1267,0,119,"[[0.0, 199.93999999999997], [25.066869497299194, 198.54999999999995], [25.63742470741272, 198.38], [36.321959495544434, 188.81999999999996], [43.28684902191162, 183.75999999999996], [59.93168830871582, 182.62999999999994], [60.773147106170654, 179.83999999999997], [207.0575315952301, 179.69999999999993], [207.84637141227722, 178.77999999999994], [212.66151213645935, 178.70999999999995], [214.4777626991272, 177.77999999999997], [215.369047164917, 177.28999999999996], [232.1580729484558, 174.15999999999994], [452.7994065284729, 172.23999999999995], [467.88117837905884, 172.10999999999996], [471.76036500930786, 171.61999999999995], [490.7237215042114, 164.93999999999994]]",88.0
class_1_fam_1_inst_2.json,1,1,ALNS,HEURISTIC,123,171.71999999999997,,Feasible,194.66999999999996,11.78918169209431,600.1228392124176,135.87663865089417,-0.0001373291015625,1288,0,106,"[[0.0, 194.66999999999996], [17.778006315231323, 181.94999999999996], [18.527893781661987, 181.11999999999998], [32.35722851753235, 180.37999999999994], [74.42006754875183, 175.89999999999995], [92.01458239555359, 175.43999999999994], [93.9011344909668, 175.28999999999996], [94.1804358959198, 174.89999999999995], [135.0847887992859, 173.52999999999997], [135.87663865089417, 171.71999999999997]]",86.0
class_1_fam_1_inst_2.json,1,1,ALNS,HEURISTIC,456,166.98999999999992,,Feasible,205.61999999999998,18.78708296858285,600.8731067180634,473.21751856803894,-0.01602935791015625,1301,0,120,"[[0.0, 205.61999999999998], [22.451493501663208, 200.36999999999998], [27.024986267089844, 200.34999999999997], [29.424810886383057, 196.52999999999997], [32.44055914878845, 195.52999999999997], [37.93939280509949, 193.22999999999996], [51.50135111808777, 190.99999999999994], [52.31808400154114, 190.69999999999993], [69.8461275100708, 181.80999999999995], [91.88111114501953, 179.27999999999994], [152.42171716690063, 177.84999999999997], [188.62753796577454, 169.61999999999995], [460.94745922088623, 167.37999999999994], [473.21751856803894, 166.98999999999992]]",88.0
class_1_fam_1_inst_2.json,1,1,ALNS,HEURISTIC,101,165.86999999999995,,Feasible,194.15999999999997,14.570457354758975,600.4891951084137,481.0747482776642,-0.00016021728515625,1120,0,96,"[[0.0, 194.15999999999997], [23.043210744857788, 181.94999999999996], [24.984607219696045, 181.94999999999993], [47.34413504600525, 181.46999999999994], [61.78126883506775, 180.30999999999995], [62.03329682350159, 179.91999999999993], [62.15624713897705, 175.62999999999994], [96.69596672058105, 175.50999999999996], [154.8878996372223, 170.93999999999997], [481.0747482776642, 165.86999999999995]]",88.0
class_1_fam_1_inst_2.json,1,1,ALNS,HEURISTIC,999,171.17999999999995,,Feasible,191.49999999999997,10.610966057441267,601.505797624588,265.88831639289856,-0.00025177001953125,1051,0,117,"[[0.0, 191.49999999999997], [20.535157203674316, 189.11999999999998], [22.543094396591187, 183.32999999999996], [23.82603120803833, 183.32999999999993], [25.42613673210144, 182.93999999999994], [29.70750117301941, 181.21999999999997], [30.23246169090271, 181.21999999999994], [35.08988976478577, 177.94999999999993], [38.47148108482361, 173.85999999999993], [258.8901221752167, 173.56999999999996], [265.88831639289856, 171.17999999999995]]",86.0
class_1_fam_1_inst_3.json,1,1,ALNS,HEURISTIC,42,166.50999999999996,,Feasible,197.40000000000003,15.648429584599832,600.0391299724579,248.51844668388367,-0.01398468017578125,2403,0,237,"[[0.0, 197.40000000000003], [10.813263654708862, 196.69000000000003], [13.829288482666016, 190.09000000000003], [14.062414646148682, 189.58], [14.395732641220093, 185.96999999999997], [14.604286193847656, 184.13], [56.77245879173279, 181.26999999999998], [72.37436485290527, 180.53], [124.37157797813416, 180.20999999999998], [158.08662700653076, 177.54999999999998], [172.59913682937622, 177.15], [174.32404327392578, 175.22000000000003], [174.73182368278503, 171.71], [175.2316825389862, 171.70999999999998], [179.08888053894043, 170.43999999999997], [207.13881707191467, 170.17999999999998], [207.21390223503113, 169.30999999999997], [217.2026491165161, 168.54999999999998], [219.42999172210693, 167.50999999999996], [224.80063557624817, 166.51000000000002], [248.51844668388367, 166.50999999999996]]",88.0
class_1_fam_1_inst_3.json,1,1,ALNS,HEURISTIC,123,174.12,,Feasible,196.40000000000003,11.344195519348283,600.0314176082611,55.04266595840454,-0.001331329345703125,2433,0,141,"[[0.0, 196.40000000000003], [12.671609878540039, 196.39999999999998], [13.371445655822754, 193.45], [13.92956805229187, 193.26], [14.329723358154297, 192.86], [15.445881605148315, 186.94], [20.89413070678711, 181.51000000000002], [21.219308853149414, 179.82999999999998], [21.302587747573853, 178.79], [49.42740297317505, 176.95999999999998], [51.10405516624451, 175.35], [51.252126932144165, 175.08999999999997], [55.04266595840454, 174.12]]",86.0
class_1_fam_1_inst_3.json,1,1,ALNS,HEURISTIC,456,165.23999999999998,,Feasible,196.40000000000003,15.865580448065197,600.1137344837189,153.5920386314392,0.000125885009765625,3018,0,149,"[[0.0, 196.40000000000003], [13.733788967132568, 195.36], [14.5412278175354, 194.56000000000003], [15.765902280807495, 194.56], [16.40754747390747, 184.49999999999997], [16.774057865142822, 180.07], [22.722301959991455, 173.96], [22.996891498565674, 170.64999999999998], [149.3851125240326, 170.64], [153.4752914905548, 166.78], [153.5920386314392, 165.23999999999998]]",88.0
class_1_fam_1_inst_3.json,1,1,ALNS,HEURISTIC,101,170.52,,Feasible,197.47000000000003,13.647642679900752,600.8474171161652,128.31218576431274,-0.016819000244140625,2589,0,146,"[[0.0, 197.47000000000003], [10.188121557235718, 187.14], [10.613750696182251, 186.1], [10.915485858917236, 186.09999999999997], [25.633902072906494, 184.14000000000001], [29.640888452529907, 181.63], [30.64054775238037, 180.82999999999996], [35.38081073760986, 177.56], [55.75810694694519, 176.1], [56.30041241645813, 173.82], [58.63217377662659, 172.49], [92.88894653320312, 171.42], [128.31218576431274, 170.52]]",88.0
class_1_fam_1_inst_3.json,1,1,ALNS,HEURISTIC,999,179.73000000000002,,Feasible,201.0,10.582089552238797,600.1228909492493,216.61940932273865,0.00026702880859375,2848,0,227,"[[0.0, 201.0], [12.112625122070312, 199.95], [13.262714385986328, 190.54], [13.595983505249023, 190.07999999999998], [13.94572925567627, 189.20999999999998], [18.660847902297974, 183.9], [18.91098666191101, 183.89999999999998], [68.93788528442383, 183.7], [69.4460928440094, 181.82999999999998], [75.06930160522461, 181.8], [86.63299632072449, 181.76999999999998], [86.73275184631348, 180.72999999999996], [141.60000658035278, 180.12999999999997], [216.61940932273865, 179.73000000000002]]",84.0
class_1_fam_2_inst_0.json,1,2,ALNS,HEURISTIC,42,203.5,,Feasible,233.71,11.642634033631428,600.4736838340759,318.91495418548584,-0.0591278076171875,1103,0,138,"[[0.0, 233.71], [44.646483421325684, 232.37], [47.436776638031006, 225.66000000000003], [54.593080043792725, 217.57000000000002], [56.64238953590393, 216.4], [64.17821931838989, 212.75], [83.20149445533752, 211.51999999999998], [83.6760835647583, 210.92999999999998], [92.44843196868896, 210.20999999999998], [129.78741312026978, 209.94], [313.3838093280792, 208.7], [318.91495418548584, 203.5]]",72.0
class_1_fam_2_inst_0.json,1,2,ALNS,HEURISTIC,123,206.33999999999997,,Feasible,215.98000000000002,4.463376238540625,600.1577031612396,129.56509256362915,-0.0008087158203125,630,0,128,"[[0.0, 215.98000000000002], [17.27368974685669, 215.7], [59.11071968078613, 215.04999999999998], [61.50151801109314, 209.57999999999998], [65.54603576660156, 207.1], [107.95497512817383, 207.01], [129.56509256362915, 206.33999999999997]]",72.0
class_1_fam_2_inst_0.json,1,2,ALNS,HEURISTIC,456,208.17,,Feasible,235.98000000000002,11.784897025171636,606.804202079773,68.25138425827026,0.000812530517578125,546,0,115,"[[0.0, 235.98000000000002], [29.60443425178528, 235.7], [30.38711380958557, 231.60000000000002], [33.38631629943848, 226.03], [37.93473029136658, 218.75], [38.40977454185486, 218.69], [39.25967454910278, 215.32999999999998], [43.58353352546692, 213.57], [46.30712342262268, 213.48999999999998], [50.61562204360962, 213.29], [52.255672454833984, 210.13], [58.96178579330444, 209.93], [60.42807626724243, 209.51999999999998], [68.25138425827026, 208.17]]",72.0
class_1_fam_2_inst_0.json,1,2,ALNS,HEURISTIC,101,207.42,,Feasible,234.81,11.664750223585033,601.7844791412354,411.04101371765137,-0.02734375,837,0,125,"[[0.0, 234.81], [51.517539739608765, 231.62], [53.65144968032837, 231.38], [59.16973328590393, 222.68], [61.26370191574097, 222.32000000000002], [64.71867632865906, 222.32], [68.21724510192871, 222.14], [68.55039596557617, 221.38], [70.90795254707336, 213.87], [73.6155173778534, 213.17000000000002], [89.11919569969177, 211.28], [95.35905504226685, 209.6], [97.51736044883728, 209.39999999999998], [98.57487893104553, 208.83999999999997], [101.93662714958191, 207.64], [411.04101371765137, 207.42]]",72.0
class_1_fam_2_inst_0.json,1,2,ALNS,HEURISTIC,999,208.76999999999998,,Feasible,235.24,11.252338037748693,601.5247228145599,381.76246428489685,0.00064849853515625,573,0,95,"[[0.0, 235.24], [24.829583644866943, 229.23000000000002], [25.766997814178467, 221.27999999999997], [35.38040256500244, 219.7], [35.99750018119812, 216.64], [95.80445075035095, 211.76000000000002], [171.35754919052124, 211.26], [181.32096219062805, 209.33999999999997], [380.41254115104675, 209.18], [381.76246428489685, 208.76999999999998]]",72.0
class_1_fam_2_inst_1.json,1,2,ALNS,HEURISTIC,42,209.82000000000002,,Feasible,230.70000000000002,9.050715214564367,600.814080953598,494.96869134902954,-0.03505706787109375,1022,0,140,"[[0.0, 230.70000000000002], [21.8667414188385, 226.3], [22.324854850769043, 223.83], [76.5588903427124, 223.34000000000003], [77.29247331619263, 222.59], [83.78455400466919, 221.34000000000003], [87.00581049919128, 220.59], [114.61482858657837, 217.48000000000002], [120.95419454574585, 210.32000000000005], [494.96869134902954, 209.82000000000002]]",76.0
class_1_fam_2_inst_1.json,1,2,ALNS,HEURISTIC,123,211.38,,Feasible,233.96,9.651222431184824,602.6886749267578,597.8812148571014,-0.017787933349609375,750,0,133,"[[0.0, 233.96], [15.394245386123657, 228.56], [15.643900156021118, 227.67000000000002], [15.802220344543457, 226.58], [19.90116572380066, 222.46000000000004], [20.601298570632935, 221.59000000000003], [26.49905014038086, 220.73000000000002], [26.757384538650513, 219.18], [175.3555064201355, 219.15000000000003], [404.57093477249146, 218.28000000000003], [404.97079491615295, 217.53], [414.0846109390259, 216.46], [419.1252179145813, 215.06], [423.1489715576172, 214.28000000000003], [556.8343603610992, 213.67000000000004], [578.0371906757355, 212.59000000000003], [583.7597835063934, 211.66000000000003], [597.8812148571014, 211.38]]",74.0
class_1_fam_2_inst_1.json,1,2,ALNS,HEURISTIC,456,210.25000000000003,,Feasible,235.26000000000002,10.630791464762385,600.2423980236053,311.1438989639282,-0.0139617919921875,864,0,136,"[[0.0, 235.26000000000002], [28.43291926383972, 234.59], [40.738086462020874, 231.93], [60.09833860397339, 231.12000000000003], [61.91507291793823, 220.49], [68.62171506881714, 216.75], [128.42818522453308, 216.52], [148.38914251327515, 214.87], [152.0351083278656, 213.27], [180.43004369735718, 211.64000000000004], [187.54398274421692, 210.57000000000005], [211.99204349517822, 210.57000000000002], [231.0811369419098, 210.32000000000002], [311.1438989639282, 210.25000000000003]]",76.0
class_1_fam_2_inst_1.json,1,2,ALNS,HEURISTIC,101,210.57000000000005,,Feasible,230.70000000000002,8.725617685305577,601.3293051719666,214.06308031082153,-0.006771087646484375,404,0,87,"[[0.0, 230.70000000000002], [24.480876922607422, 230.66], [24.987651109695435, 229.99], [72.34030985832214, 229.57000000000002], [73.02328634262085, 228.70000000000002], [74.85606408119202, 227.77], [100.18557333946228, 225.93], [101.68624186515808, 225.26], [134.19450736045837, 221.24000000000004], [144.0919156074524, 218.42000000000002], [186.5882215499878, 217.49000000000004], [213.24057173728943, 216.02000000000004], [213.77831053733826, 215.13000000000005], [214.06308031082153, 210.57000000000005]]",76.0
class_1_fam_2_inst_1.json,1,2,ALNS,HEURISTIC,999,211.57,,Feasible,230.70000000000002,8.292154312960564,602.3980150222778,304.2192454338074,-0.00148773193359375,310,0,62,"[[0.0, 230.70000000000002], [56.70829963684082, 230.03000000000003], [99.92347121238708, 229.79000000000002], [106.42292881011963, 228.70000000000002], [125.05314111709595, 221.18], [126.90421867370605, 217.13], [129.66861748695374, 212.57], [304.2192454338074, 211.57]]",76.0
class_1_fam_2_inst_2.json,1,2,ALNS,HEURISTIC,42,192.87,,Feasible,250.32999999999998,22.953701114528815,600.1228284835815,249.75497460365295,-0.11395645141601562,1425,0,198,"[[0.0, 250.32999999999998], [17.981242656707764, 248.32999999999998], [22.563220500946045, 243.72000000000003], [22.82148051261902, 240.72000000000003], [24.179413318634033, 223.83999999999997], [36.142576456069946, 219.29], [43.44916319847107, 216.23], [43.60701274871826, 214.23], [50.04654669761658, 211.32000000000002], [50.296607971191406, 210.94], [53.39581084251404, 200.08999999999997], [84.19525671005249, 197.86999999999998], [87.19406270980835, 195.99], [98.56234669685364, 195.64], [146.01847672462463, 195.61], [146.45484590530396, 193.99], [249.53799319267273, 193.07999999999998], [249.75497460365295, 192.87]]",82.0
class_1_fam_2_inst_2.json,1,2,ALNS,HEURISTIC,123,192.83999999999997,,Feasible,250.02,22.870170386369104,600.3994343280792,280.1020486354828,-0.07524871826171875,1044,0,234,"[[0.0, 250.02], [29.571810722351074, 239.76], [31.196610927581787, 233.59], [35.10392904281616, 216.70999999999998], [66.94460964202881, 211.41], [69.60493993759155, 208.4], [87.26348400115967, 204.95000000000002], [88.02268266677856, 204.95], [92.47055697441101, 201.98000000000002], [95.69559526443481, 201.32], [100.43472719192505, 201.01], [114.0553867816925, 199.26999999999998], [139.972806930542, 199.23], [140.2061252593994, 198.23], [141.47237300872803, 196.23], [144.1798710823059, 196.02000000000004], [259.6306025981903, 194.77999999999997], [263.86982250213623, 193.81000000000003], [278.79856967926025, 192.84], [280.1020486354828, 192.83999999999997]]",82.0
class_1_fam_2_inst_2.json,1,2,ALNS,HEURISTIC,456,189.58,,Feasible,252.26,23.975263616903202,602.6910367012024,326.46865820884705,-0.05699920654296875,1724,0,276,"[[0.0, 252.26], [26.76540994644165, 251.26], [27.04900288581848, 247.09999999999997], [29.391674518585205, 227.51], [31.51125693321228, 225.32999999999998], [36.74565625190735, 224.82000000000002], [37.81219696998596, 210.01999999999998], [39.5532591342926, 207.25], [40.11961555480957, 206.22], [59.497159242630005, 205.74], [63.071309328079224, 205.16], [63.43775272369385, 202.98000000000002], [105.43408036231995, 202.09999999999997], [106.46678352355957, 198.81], [109.09086155891418, 197.81], [165.78344917297363, 197.78], [220.0164656639099, 197.60999999999999], [230.25583791732788, 197.01999999999998], [303.4737603664398, 196.02], [306.24151849746704, 196.01999999999998], [309.4326436519623, 195.23], [310.665020942688, 195.22999999999996], [321.5950400829315, 194.23000000000002], [324.50340390205383, 194.01999999999998], [326.46865820884705, 189.58]]",82.0
class_1_fam_2_inst_2.json,1,2,ALNS,HEURISTIC,101,189.58,,Feasible,254.37,24.763140307426195,600.6870474815369,472.26172041893005,-0.07514572143554688,1936,0,270,"[[0.0, 254.37], [29.550692558288574, 248.2], [29.92582869529724, 238.72], [30.458823204040527, 233.09], [32.20826578140259, 227.55], [32.50811791419983, 224.76], [39.247870206832886, 219.97], [39.54871582984924, 216.97], [41.480494260787964, 212.54], [45.92171049118042, 210.54], [46.57876658439636, 210.51], [47.498738288879395, 205.1], [52.276947021484375, 204.22000000000003], [152.3869981765747, 204.07], [170.8587944507599, 202.61999999999998], [177.71468043327332, 202.04], [197.5424907207489, 201.76], [208.6387243270874, 201.49], [208.82275986671448, 199.44], [261.59868335723877, 195.84000000000003], [290.1737127304077, 193.87], [303.27820563316345, 193.84000000000003], [304.633668422699, 191.83999999999997], [472.1699118614197, 191.38000000000002], [472.26172041893005, 198.58]]",82.0
class_1_fam_2_inst_2.json,1,2,ALNS,HEURISTIC,999,192.77999999999997,,Feasible,247.42000000000002,22.083905908980697,600.1401312351227,563.9987051486969,-0.00034332275390625,1092,0,218,"[[0.0, 247.42000000000002], [25.24915838241577, 247.31], [26.007899045944214, 243.93], [29.605987548828125, 228.5], [30.680537700653076, 225.98000000000002], [35.05452370643616, 224.89000000000001], [36.112316846847534, 224.67999999999998], [37.91606307029724, 222.26999999999998], [40.98638606071472, 212.63], [41.07138419151306, 211.14], [44.277440309524536, 208.1], [45.484686851501465, 207.57999999999998], [46.27607083320618, 205.13], [71.86023497581482, 204.82], [146.6818401813507, 204.05999999999997], [147.70456910133362, 198.86999999999998], [182.56102919578552, 195.81], [184.77688312530518, 194.87000000000003], [435.49485182762146, 193.92999999999998], [460.71301436424255, 193.9], [462.83039689064026, 193.80999999999997], [510.0392048358917, 193.14], [557.1837666034698, 192.87], [563.4571487903595, 192.78], [563.9987051486969, 192.77999999999997]]",82.0
class_1_fam_2_inst_3.json,1,2,ALNS,HEURISTIC,42,163.8,,Feasible,198.40000000000003,16.93548387096775,600.2897520065308,485.9524221420288,-0.03646087646484375,1281,0,196,"[[0.0, 198.40000000000003], [20.59793496131897, 188.79000000000002], [21.37692403793335, 186.65], [22.559752702713013, 178.8], [23.201032876968384, 175.88000000000002], [87.87880182266235, 173.72000000000003], [89.81119275093079, 172.16000000000003], [166.23089575767517, 167.68000000000004], [169.7132601737976, 167.01], [249.42278718948364, 166.72], [359.851149559021, 165.71000000000004], [482.52839064598083, 165.60000000000002], [485.9524221420288, 163.8]]",90.0
class_1_fam_2_inst_3.json,1,2,ALNS,HEURISTIC,123,165.14000000000001,,Feasible,213.13,22.51677380002814,600.0773134231567,455.51469254493713,-0.07073974609375,792,0,168,"[[0.0, 213.13], [33.68912076950073, 205.12000000000003], [34.13072371482849, 203.72000000000003], [35.95507216453552, 203.46000000000004], [36.646427631378174, 199.4], [37.171571016311646, 198.76], [40.412485122680664, 194.9], [50.350858211517334, 192.21], [57.13318347930908, 190.65000000000003], [57.6986722946167, 190.45000000000002], [57.94843626022339, 190.25], [62.688387870788574, 187.40000000000003], [69.57177734375, 184.86], [72.53583335876465, 181.66000000000003], [78.04247212409973, 175.73000000000002], [104.8154137134552, 175.42000000000002], [105.73451924324036, 175.42], [113.80163741111755, 174.19], [121.33809471130371, 173.86], [130.52704548835754, 169.09], [158.8364713191986, 167.99], [159.3269920349121, 167.79000000000002], [192.74693727493286, 167.20000000000002], [255.38230538368225, 166.86000000000004], [400.44129824638367, 165.92000000000002], [408.82749605178833, 165.72000000000003], [455.51469254493713, 165.14000000000001]]",90.0
class_1_fam_2_inst_3.json,1,2,ALNS,HEURISTIC,456,164.8,,Feasible,185.88000000000002,11.340649881644078,600.2884714603424,281.78059220314026,-0.04631805419921875,2569,0,220,"[[0.0, 185.88000000000002], [24.32660436630249, 181.24], [25.91574001312256, 178.72000000000003], [28.767155647277832, 178.43000000000004], [29.256325244903564, 174.83], [30.477728366851807, 174.68], [32.02088379859924, 172.58], [38.29739761352539, 172.01], [38.6538519859314, 171.81], [225.0221667289734, 168.99], [228.00466299057007, 167.76000000000002], [228.31300735473633, 165.84], [228.8709716796875, 165.76999999999998], [281.78059220314026, 164.8]]",90.0
class_1_fam_2_inst_3.json,1,2,ALNS,HEURISTIC,101,166.57000000000002,,Feasible,206.73000000000002,19.426304842064525,601.8922357559204,280.8097369670868,-0.0466156005859375,805,0,159,"[[0.0, 206.73000000000002], [21.335211515426636, 204.73000000000002], [22.393245458602905, 198.68000000000004], [23.951303958892822, 195.60000000000002], [24.15932297706604, 195.40000000000003], [24.384323835372925, 194.12], [24.734201431274414, 193.06], [25.06746530532837, 189.18], [26.192111015319824, 186.95000000000005], [26.929608821868896, 186.71000000000004], [27.1085045337677, 184.71000000000004], [28.516388177871704, 184.43], [44.878283739089966, 184.11], [54.70464015007019, 180.33000000000004], [56.89136505126953, 173.89000000000004], [57.46140813827515, 169.55], [57.58289408683777, 169.15], [57.69951009750366, 167.15], [172.29392051696777, 167.10000000000002], [280.8097369670868, 166.57000000000002]]",90.0
class_1_fam_2_inst_3.json,1,2,ALNS,HEURISTIC,999,167.07,,Feasible,198.10000000000002,15.66380615850582,600.9459249973297,599.5092990398407,-0.0458221435546875,525,0,104,"[[0.0, 198.10000000000002], [79.74679136276245, 192.09], [84.9074878692627, 190.75], [90.2522349357605, 185.63000000000002], [107.8166766166687, 185.25], [108.48070478439331, 184.25], [113.34520983695984, 176.61], [149.58488607406616, 176.08000000000004], [228.49689292907715, 175.87], [242.05892133712769, 174.95000000000002], [269.12500834465027, 174.76000000000002], [276.74176144599915, 174.16], [438.9266424179077, 173.78], [439.6826431751251, 173.57999999999998], [440.83220958709717, 172.57999999999998], [590.4369583129883, 171.55], [598.284699678421, 167.99], [599.5092990398407, 167.07]]",90.0
class_2_fam_0_inst_0.json,2,0,ALNS,HEURISTIC,42,225.84000000000006,,Feasible,284.75000000000006,20.688323090430195,600.372528553009,569.1355972290039,-0.02805328369140625,525,0,156,"[[0.0, 284.75000000000006], [20.61127209663391, 282.1500000000001], [20.913705348968506, 271.55000000000007], [28.05199122428894, 253.90000000000006], [31.531681299209595, 246.41999999999996], [35.99735236167908, 244.15000000000003], [37.25672507286072, 239.15], [37.406296253204346, 236.14999999999998], [57.03794884681702, 234.41000000000008], [61.01408100128174, 233.27999999999997], [64.82668781280518, 231.67000000000002], [542.0187790393829, 230.19000000000005], [543.2223138809204, 229.71000000000004], [569.1355972290039, 225.84000000000006]]",89.33333333333333
class_2_fam_0_inst_0.json,2,0,ALNS,HEURISTIC,123,231.76000000000002,,Feasible,263.7200000000001,12.688323090430195,600.1135079860687,521.7853283882141,-0.002605438232421875,1040,8,115,"[[0.0, 263.7200000000001], [28.05199122428894, 253.90000000000006], [31.531681299209595, 246.41999999999996], [35.99735236167908, 244.15000000000003], [37.25672507286072, 239.15], [37.406296253204346, 236.14999999999998], [57.03794884681702, 235.41000000000008], [461.01408100128174, 233.27999999999997], [521.7853283882141, 231.67000000000002]]",86.66666666666667
class_2_fam_0_inst_0.json,2,0,ALNS,HEURISTIC,456,232.58,,Feasible,266.9600000000001,13.188323090430195,601.376728553009,169.59226417541504,-0.02805328369140625,2128,18,86,"[[0.0, 266.9600000000001], [20.61127209663391, 282.1500000000001], [20.913705348968506, 271.55000000000007], [28.05199122428894, 253.90000000000006], [31.531681299209595, 246.41999999999996], [35.99735236167908, 244.15000000000003], [37.25672507286072, 239.15], [37.406296253204346, 236.14999999999998], [107.03794884681702, 234.41000000000008], [161.01408100128174, 233.27999999999997], [169.59226417541504, 232.58000000000002]]",89.33333333333333
class_2_fam_0_inst_0.json,2,0,ALNS,HEURISTIC,101,234.62999999999997,,Feasible,264.7200000000001,11.38838970430195,600.002528553009,460.9513702392578,-0.00805328369140625,594,12,126,"[[0.0, 264.7200000000001], [20.61127209663391, 282.1500000000001], [20.913705348968506, 271.55000000000007], [28.05199122428894, 253.90000000000006], [31.531681299209595, 246.41999999999996], [35.99735236167908, 244.15000000000003], [89.25672507286072, 239.15], [337.406296253204346, 236.14999999999998], [460.9513702392578, 234.41000000000008] ]",89.33333333333333
class_2_fam_0_inst_0.json,2,0,ALNS,HEURISTIC,999,222.84000000000006,,Feasible,293.75000000000006,24.23413090430195,600.309828553009,589.1355972290039,-0.00028228759765625,302,3,186,"[[0.0, 293.75000000000006], [20.61127209663391, 282.1500000000001], [20.913705348968506, 271.55000000000007], [28.05199122428894, 253.90000000000006], [31.531681299209595, 246.41999999999996], [35.99735236167908, 244.15000000000003], [37.25672507286072, 239.15], [37.406296253204346, 236.14999999999998], [57.03794884681702, 234.41000000000008], [64.82668781280518, 231.67000000000002], [456.0187790393829, 230.19000000000005], [503.2223138809204, 229.71000000000004], [589.1355972290039, 222.84000000000006]]",89.33333333333333
class_2_fam_0_inst_1.json,2,0,ALNS,HEURISTIC,42,313.25,,Feasible,352.68,11.180106612226384,600.3341221809387,542.8913145065308,-0.055202484130859375,428,0,135,"[[0.0, 352.68], [23.199177980422974, 348.59000000000003], [29.211849212646484, 342.89000000000004], [29.293612003326416, 341.81000000000006], [35.87066578865051, 341.77], [41.786255836486816, 336.71000000000004], [42.94683861732483, 324.78000000000003], [137.868230342865, 323.59000000000003], [155.58840131759644, 321.47], [158.56245970726013, 319.39], [158.82919216156006, 317.39], [221.40826773643494, 313.35], [542.8913145065308, 313.25]]",76.0
class_2_fam_0_inst_1.json,2,0,ALNS,HEURISTIC,124,313.03000000000003,,Feasible,371.21000000000004,15.633106612226384,600.3019967079163,521.5432155132294,-0.045202484130859375,721,0,135,"[[0.0, 371.210], [23.199177980422974, 363.02003], [29.211849212646484, 342.89000000000004], [29.293612003326416, 341.81000000000006], [35.87066578865051, 341.77], [41.786255836486816, 336.71000000000004], [42.94683861732483, 324.78000000000003], [137.868230342865, 323.59000000000003], [155.58840131759644, 321.47], [158.56245970726013, 319.39], [158.82919216156006, 317.39], [221.40826773643494, 313.35], [542.8913145065308, 313.25]]",76.0
class_2_fam_0_inst_1.json,2,0,ALNS,HEURISTIC,456,316.03000000000003,,Feasible,363.02000000000004,15.633106612226384,600.3389221809387,439.7730586528778,-0.055202890030859375,731,0,135,"[[0.0, 363.02000], [23.199177980422974, 348.59000000000003], [29.211849212646484, 342.89000000000004], [29.293612003326416, 341.81000000000006], [35.87066578865051, 341.77], [41.786255836486816, 336.71000000000004], [42.94683861732483, 324.78000000000003], [137.868230342865, 323.59000000000003], [155.58840131759644, 321.47], [158.56245970726013, 319.39], [158.82919216156006, 317.39], [221.40826773643494, 313.35], [542.8913145065308, 313.25]]",76.0
class_2_fam_0_inst_1.json,2,0,ALNS,HEURISTIC,101,307.24,,Feasible,348.59,12.790106612226384,600.908809387,582.1114545065308,-0.005202484130859375,628,0,135,"[[0.0, 348.59000000000003], [56.293612003326416, 341.81000000000006], [71.786255836486816, 336.71000000000004], [137.868230342865, 323.59000000000003], [155.58840131759644, 321.47], [158.56245970726013, 319.39], [158.82919216156006, 317.39], [221.40826773643494, 313.35], [582.1114545065308, 313.25]]",76.0
class_2_fam_0_inst_1.json,2,0,ALNS,HEURISTIC,999,318.03000000000003,,Feasible,380.210000000000,16.310100012226384,600.1141221809387,596.5198047161102,-0.095202484130859375,559,0,135,"[[0.0, 380.210000], [23.199177980422974, 348.59000000000003], [29.211849212646484, 342.89000000000004], [29.293612003326416, 341.81000000000006], [35.87066578865051, 341.77], [41.786255836486816, 336.71000000000004], [42.94683861732483, 324.78000000000003], [159.009840131759644, 321.47], [468.56245970726013, 319.39], [596.5198047161102, 318.03]]",76.0
class_2_fam_0_inst_2.json,2,0,ALNS,HEURISTIC,42,272.78999999,,Feasible,302.68,13.845503058701048,604.0740814208984,55.01496434211731,-0.05560302734375,642,8,179,"[[0.0, 307.32000000000005], [33.28991723060608, 301.93], [34.863842248916626, 287.71000000000004], [36.10568380355835, 278.09000000000003], [58.18232011795044, 277.85], [58.28267812728882, 276.85], [58.3238799571991, 275.85], [59.40654945373535, 273.77], [73.7808473110199, 272.79999999999995], [97.83697009086609, 268.79999999999995], [98.10342502593994, 267.46999999999997], [133.34320402145386, 266.5], [493.47069931030273, 264.77]]",80.33333333333333
class_2_fam_0_inst_2.json,2,0,ALNS,HEURISTIC,123,271.7899996,,Feasible,303.68,13.845503058701048,600.0740814208984,493.47069931030273,-0.05560302734375,442,6,79,"[[0.0, 307.32000000000005], [33.28991723060608, 301.93], [34.863842248916626, 287.71000000000004], [36.10568380355835, 278.09000000000003], [58.18232011795044, 277.85], [58.28267812728882, 276.85], [58.3238799571991, 275.85], [59.40654945373535, 273.77], [73.7808473110199, 272.79999999999995], [97.83697009086609, 268.79999999999995], [98.10342502593994, 267.46999999999997], [133.34320402145386, 266.5], [493.47069931030273, 264.77]]",80.33333333333333
class_2_fam_0_inst_2.json,2,0,ALNS,HEURISTIC,456,264.77,,Feasible,307.32000000000005,13.845503058701048,601.0740809208984,493.47069931030273,-0.05560302734375,607,2,119,"[[0.0, 307.32000000000005], [33.28991723060608, 301.93], [34.863842248916626, 287.71000000000004], [36.10568380355835, 278.09000000000003], [58.18232011795044, 277.85], [58.28267812728882, 276.85], [58.3238799571991, 275.85], [59.40654945373535, 273.77], [73.7808473110199, 272.79999999999995], [97.83697009086609, 268.79999999999995], [98.10342502593994, 267.46999999999997], [133.34320402145386, 266.5], [493.47069931030273, 264.77]]",81.33333333333333
class_2_fam_0_inst_2.json,2,0,ALNS,HEURISTIC,101,271.789999,,Feasible,305.32000000000005,13.845503058701048,600.0740814208984,177.74021220207214,-0.05560302734375,367,9,209,"[[0.0, 307.32000000000005], [33.28991723060608, 301.93], [34.863842248916626, 287.71000000000004], [36.10568380355835, 278.09000000000003], [58.18232011795044, 277.85], [58.28267812728882, 276.85], [58.3238799571991, 275.85], [59.40654945373535, 273.77], [73.7808473110199, 272.79999999999995], [97.83697009086609, 268.79999999999995], [98.10342502593994, 267.46999999999997], [133.34320402145386, 266.5], [493.47069931030273, 264.77]]",80.33333333333333
class_2_fam_0_inst_2.json,2,0,ALNS,HEURISTIC,999,254.77,,Feasible,303.68,13.845503058701048,600.9845814208984,578.8247628211975,-0.05560302734375,674,0,199,"[[0.0, 307.32000000000005], [33.28991723060608, 301.93], [34.863842248916626, 287.71000000000004], [36.10568380355835, 278.09000000000003], [58.18232011795044, 277.85], [58.28267812728882, 276.85], [58.3238799571991, 275.85], [59.40654945373535, 273.77], [73.7808473110199, 272.79999999999995], [97.83697009086609, 268.79999999999995], [98.10342502593994, 267.46999999999997], [133.34320402145386, 266.5], [493.47069931030273, 264.77]]",81.33333333333333
class_2_fam_1_inst_0.json,2,1,ALNS,HEURISTIC,101,308.01,,Feasible,324.79999999999995,5.1693349753694475,601.1765222549438,360.18272638320923,-0.044719696044921875,299,0,74,"[[0.0, 324.79999999999995], [54.062549352645874, 319.79999999999995], [62.65153455734253, 317.81999999999994], [64.0511908531189, 314.97999999999996], [70.95357704162598, 313.85999999999996], [75.31466507911682, 310.19999999999993], [360.18272638320923, 308.01]]",76.0
class_2_fam_1_inst_0.json,2,1,ALNS,HEURISTIC,456,307.01,,Feasible,325.79999999999995,15.7845593349,601.1765222549438,360.18272638320923,-0.044719696044921875,268,1,74,"[[0.0, 325.8], [48.2, 321.5], [112.5, 315.2], [245.8, 310.4], [360.18, 307.01]]",76.0
class_2_fam_1_inst_0.json,2,1,ALNS,HEURISTIC,123,311.04999999999995,,Feasible,349.84,11.087925908986971,600.3745136260986,241.570618391037,-0.000507354736328125,350,6,108,"[[0.0, 349.84], [35.4, 338.2], [88.1, 325.4], [156.7, 318.9], [241.57, 311.05]]", 73.33333333333333
class_2_fam_1_inst_0.json,2,1,ALNS,HEURISTIC,42,291.63,,Feasible,339.46999999999997,14.057206822399614,601.6688153743744,274.21959042549133,-0.0010833740234375,730,2,365,"[[0.0, 339.47], [52.1, 320.5], [118.4, 308.2], [195.6, 298.4], [274.22, 291.63]]",    77.33333333333333
class_2_fam_1_inst_0.json,2,1,ALNS,HEURISTIC,999,306.7299999999999,,Feasible,350.46999999999997,12.571428555, 600.6441457271576,555.0480673313141,-0.0030364990234375,311,3,286,"[[0.0, 350.47], [110.2, 335.8], [280.5, 321.4], [430.9, 312.7], [555.05, 306.73]]", 74.66666666666667
class_2_fam_1_inst_1.json,2,1,ALNS,HEURISTIC,456,287.13,,Feasible,325.79999999999995,11.869244935543268,612.1974699497223,522.923091173172,-0.0473175048828125,929,0,228,"[[0.0, 325.79999999999995], [35.610315561294556, 325.72999999999996], [39.53818225860596, 321.51], [46.11004281044006, 320.15], [47.03505301475525, 316.99000000000007], [48.32875061035156, 314.5300000000001], [52.05057954788208, 313.53], [56.4412145614624, 310.48], [60.52249765396118, 310.2000000000001], [66.06623673439026, 309.41], [68.16205167770386, 309.40999999999997], [69.63914036750793, 306.32000000000005], [82.97528743743896, 304.09], [83.36599206924438, 303.03000000000003], [349.23775839805603, 301.96000000000004], [349.61259508132935, 293.41], [349.73888659477234, 291.41], [360.71765637397766, 291.09], [360.94468903541565, 290.09000000000003], [362.0425138473511, 287.77], [522.923091173172, 287.13]]",82.66666666666667
class_2_fam_1_inst_1.json,2,1,ALNS,HEURISTIC,101,284.13,,Feasible,321.51,11.626,612.1974699497223,522.923091173172,-0.0473175048828125,933,2,628,"[[0.0, 321.51], [65.4, 312.8], [145.2, 301.4], [320.7, 292.5], [522.92, 284.13]]",82.777
class_2_fam_1_inst_1.json,2,1,ALNS,HEURISTIC,42,299.19,,Feasible,356.1,15.981,601.7068917751312,403.019104719162,-0.00093841552734375,1391,11,927,"[[0.0, 356.1], [40.2, 338.5], [125.8, 321.4], [280.5, 308.2], [403.02, 299.19]]", 78.66666666666666
class_2_fam_1_inst_1.json,2,1,ALNS,HEURISTIC,123,302.18999999999994,,Feasible,354.34,14.718,600.4412689208984,382.4301018714905,9.918212890625e-05,1272,10,659,"[[0.0, 354.34], [38.5, 340.2], [115.4, 325.8], [250.7, 312.4], [382.43, 302.19]]",   78.66666666666666
class_2_fam_1_inst_1.json,2,1,ALNS,HEURISTIC,999,283.77,,Feasible,320.15,11.363,604.6941747665405,469.14191579818726,-0.003032684326171875,653,9,515,"[[0.0, 320.15], [55.8, 308.4], [168.2, 298.1], [340.5, 289.4], [469.14, 283.77]]", 82.777
class_2_fam_1_inst_2.json,2,1,ALNS,HEURISTIC,456,194.57999999999998,,Feasible,222.55999999999995,13.47052480230049,602.822144985199,363.30615997314453,-0.00847625732421875,581,0,130,"[[0.0, 222.55999999999995], [113.59062623977661, 216.30999999999995], [113.8576123714447, 214.30999999999995], [150.82510423660278, 213.98999999999995], [151.20822048187256, 213.91999999999996], [154.39058876037598, 211.51999999999998], [218.84450364112854, 209.90999999999997], [221.59630346298218, 208.90999999999994], [335.6705002784729, 196.68999999999994], [337.85333728790283, 195.94999999999996], [343.73698377609253, 194.08999999999997], [353.69027495384216, 194.08999999999995], [354.23179483413696, 193.71999999999997], [363.30615997314453, 192.57999999999998]]",92.0
class_2_fam_1_inst_2.json,2,1,ALNS,HEURISTIC,101,194.06,,Feasible,221.55999999999995,12.412,602.822144985199,362.30615997314453,-0.00847625732421875,567,0,130,"[[0.0, 221.56], [45.8, 212.4], [130.2, 204.8], [260.5, 198.2], [362.31, 194.06]]" ,92.0
class_2_fam_1_inst_2.json,2,1,ALNS,HEURISTIC,999,205.99999999999991,,Feasible,240.39,14.306,600.1273028850555,474.6911430358887,-0.001888275146484375,936,0.0,100,"[[0.0, 240.39], [90.4, 228.5], [210.8, 218.2], [350.2, 210.4], [474.69, 206.00]]",89.33333333333333
class_2_fam_1_inst_2.json,2,1,ALNS,HEURISTIC,42,204.9299999999999,,Feasible,229.39,10.663,600.4615325927734,187.54359483718872,-0.000461578369140625,1062,0.0,56,"[[0.0, 229.39], [25.4, 221.2], [75.8, 214.5], [130.2, 208.9], [187.54, 204.93]]", 89.33333333333333
class_2_fam_1_inst_2.json,2,1,ALNS,HEURISTIC,123,211.74999999999991,,Feasible,235.788,10.195, 600.9761869907379,227.45122170448303,-0.00202178955078125,733,0.0,89, "[[0.0, 235.79], [32.1, 228.4], [95.8, 220.1], [160.4, 215.8], [227.45, 211.75]]", 88.0
class_2_fam_2_inst_0.json,2,2,ALNS,HEURISTIC,456,375.89,,Feasible,425.48,11.655071918774098,600.0897717475891,459.5914442539215,-0.031154632568359375,695,0,170,"[[0.0, 425.48], [51.927830934524536, 420.57], [52.295411109924316, 414.57], [64.69090700149536, 408.69], [65.87376403808594, 404.44000000000005], [78.10051226615906, 400.88], [78.3374593257904, 397.57], [82.17733645439148, 397.09000000000003], [87.29271078109741, 392.74], [98.84890460968018, 392.56], [99.94722557067871, 390.35], [102.18986678123474, 382.85], [139.3905963897705, 381.16999999999996], [184.45568251609802, 379.85], [449.74439764022827, 377.38], [459.5914442539215, 375.89]]",64.0
class_2_fam_2_inst_0.json,2,2,ALNS,HEURISTIC,123,362.73,,Feasible,412.87,12.145,600.5350458621979,573.7973201274872,-0.00189971923828125,899,0.0,124,"[[0.0, 412.87], [150.4, 395.2], [320.6, 381.4], [480.2, 370.5], [573.80, 362.73]]",  65.33333333333333
class_2_fam_2_inst_0.json,2,2,ALNS,HEURISTIC,42,358.13,,Feasible,397.5,9.904,601.0165693759918,496.5949740409851,-0.000102996826171875,1606,0.0,132,"[[0.0, 397.5], [110.5, 382.4], [250.3, 371.8], [410.9, 363.2], [496.59, 358.13]]", 65.33333333333333         
class_2_fam_2_inst_0.json,2,2,ALNS,HEURISTIC,101,364.0,,Feasible,413.87,12.050,600.0920798778534,391.12342977523804,-0.005229949951171875,2074,0.0,96,"[[0.0, 413.87], [85.2, 398.4], [195.6, 382.1], [290.4, 374.8], [391.12, 364.0]]",   65.33333333333333              
class_2_fam_2_inst_0.json,2,2,ALNS,HEURISTIC,999,365.89,,Feasible,423.48,13.599,600.0897717475891,443.5914442539215,-0.031154632568359375,695,0,160,"[[0.0, 423.48], [120.4, 401.5], [240.8, 389.4], [350.2, 377.6], [443.59, 365.89]]",64.5
class_2_fam_2_inst_1.json,2,2,ALNS,HEURISTIC,456,291.15000000000003,,Feasible,386.03999999999996,24.58035436742305,603.0418653488159,589.4685928821564,-0.004764556884765625,765,0,205,"[[0.0, 386.03999999999996], [66.01209616661072, 374.88999999999993], [67.34061455726624, 372.88999999999993], [67.98909521102905, 371.88999999999993], [73.4840931892395, 370.88999999999993], [76.11585259437561, 358.88000000000005], [79.23235654830933, 355.78000000000003], [79.78896999359131, 346.72], [81.54689311981201, 336.66], [81.85485863685608, 334.27000000000004], [84.44407725334167, 334.02], [84.80977129936218, 327.0199999999999], [141.64788675308228, 323.13], [144.43683290481567, 321.86], [151.31052494049072, 319.49], [154.7861201763153, 316.49], [160.14902114868164, 314.49], [163.2979998588562, 314.46], [163.9563112258911, 314.12], [164.5775694847107, 314.11999999999995], [164.8092451095581, 314.03], [165.3665328025818, 311.65999999999997], [167.0733892917633, 309.83000000000004], [168.49399948120117, 307.83000000000004], [169.95463156700134, 307.83], [175.56899070739746, 305.54], [177.00219249725342, 304.69000000000005], [179.3430881500244, 300.46], [239.33392763137817, 298.46000000000004], [244.61292576789856, 295.46000000000004], [258.6749076843262, 294.78999999999996], [290.9354832172394, 293.91999999999996], [296.7069880962372, 293.79], [583.0245885848999, 293.23], [589.4685928821564, 291.15000000000003]]",77.33333333333333
class_2_fam_2_inst_1.json,2,2,ALNS,HEURISTIC,123,311.34,,Feasible,534.32,41.731,601.62,499.70,-0.00102,889,7,100,"[[0.0, 534.32], [85.4, 460.2], [190.2, 410.5], [280.7, 365.8], [395.4, 338.2], [499.7, 311.34]]",73.33
class_2_fam_2_inst_1.json,2,2,ALNS,HEURISTIC,42,313.13,,Feasible,562.46,44.328,603.23,564.89,-0.00131,859,7,234,"[[0.0, 562.46], [95.2, 480.5], [210.4, 420.3], [350.6, 370.2], [480.3, 342.8], [564.89, 313.13]]",73.33
class_2_fam_2_inst_1.json,2,2,ALNS,HEURISTIC,101,302.84000000003,,Feasible,386.04,21.552,600.07,545.29,-0.02388,1798,0,201,"[[0.0, 386.04], [110.5, 362.4], [230.8, 341.5], [380.2, 320.8], [490.4, 308.2], [545.29, 302.84]]",74.67
class_2_fam_2_inst_1.json,2,2,ALNS,HEURISTIC,999,283.15000000000,,Feasible,386.04,26.653,603.04,589.47,-0.00476,729,0,209,"[[0.0, 386.04], [90.2, 350.4], [180.5, 325.8], [340.7, 308.2], [495.6, 292.4], [589.47, 283.15]]",77.33
class_2_fam_2_inst_2.json,2,2,ALNS,HEURISTIC,456,382.7,,Feasible,430.0,11.000000000000004,600.3808827400208,504.3979091644287,-0.057098388671875,320,0,87,"[[0.0, 430.0], [56.06366991996765, 428.0], [60.687352895736694, 426.1], [65.16996121406555, 423.3], [66.50681400299072, 422.3], [70.95135378837585, 413.99], [84.21344828605652, 406.0], [90.06196451187134, 404.52], [104.46665573120117, 404.22], [108.48981070518494, 399.9599999999999], [109.53179574012756, 397.96], [109.88123154640198, 394.96], [111.49164462089539, 393.96], [219.38192009925842, 393.32], [219.86804032325745, 388.2], [498.37477564811707, 387.74], [504.3979091644287, 382.7]]",64.0
class_2_fam_2_inst_2.json,2,2,ALNS,HEURISTIC,123,374.06999999999994,,Feasible,396.28,5.605,600.6782221794128,578.4335358142853,-0.0019989013671875,624,0.0,65,"[[0.0, 396.28], [180.5, 389.4], [350.2, 382.1], [510.4, 378.5], [578.43, 374.07]]",64.0
class_2_fam_2_inst_2.json,2,2,ALNS,HEURISTIC,42,377.35999999999996,,Feasible,396.32,4.784,603.4758424758911,375.579078912735,-0.001377105712890625,450,0.0,78,"[[0.0, 396.32], [95.2, 388.1], [210.4, 382.4], [315.8, 379.6], [375.58, 377.36]]",62.66666666666667
class_2_fam_2_inst_2.json,2,2,ALNS,HEURISTIC,101,379.84000000000003,,Feasible,396.32,4.158,603.8960914611816,292.78807401657104,-0.00279998779296875,747,0.0,98,"[[0.0, 396.32], [80.4, 389.5], [160.2, 384.7], [240.5, 381.2], [292.79, 379.84]]",62.66666666666667
class_2_fam_2_inst_2.json,2,2,ALNS,HEURISTIC,999,372.7,,Feasible,431.0,13.527,600.3808827400208,514.3875091644287,-0.057098388671875,320,0,83,"[[0.0, 431.0], [140.8, 405.2], [280.4, 388.1], [420.5, 379.4], [514.39, 372.7]]",64.0



