instance,class,family, seed,solver,solver_type, cooling_rate,time_limit_config, objective, initial_cost,improvement_%, time_s,time_to_best_s, iter_to_best, total_iterations,num_improving_sols,improvement_rate,reheats,memory_delta_gb,percent_cs_delivery,num_delivered_parcels,num_parcels,num_cs
class_0_fam_1_inst_0.json,0,1,42,ALNS,HEURISTIC,0.75,60,275.54999999999995,289.76,5.594284925455562,60.533,58.77799606323242,182,187,0,0.0,4,-0.002182,62.0,31,50,75
class_0_fam_1_inst_0.json,0,1,42,ALNS,HEURISTIC,0.75,600,272.54999999999995,289.76,5.939398122584221,600.1384,229.05812120437622,1167,3110,0,0.0,70,-0.002254,62.0,31,50,75
class_0_fam_1_inst_0.json,0,1,42,ALNS,HEURISTIC,0.75,300,273.54999999999995,289.76,5.594284925455562,300.3623,117.77242732048035,182,1073,0,0.0,24,-0.001068,62.0,31,50,75
class_0_fam_1_inst_0.json,0,1,123,ALNS,HEURISTIC,0.75,600,273.54999999999995,297.77,8.46962420660242,600.3236,89.31647610664368,311,1806,0,0.0,41,-0.062588,62.0,31,50,75
class_0_fam_1_inst_0.json,0,1,123,ALNS,HEURISTIC,0.75,300,273.54999999999995,297.77,8.46962420660242,300.1456,75.5017364025116,311,1692,0,0.0,38,0.000137,62.0,31,50,75
class_0_fam_1_inst_0.json,0,1,123,ALNS,HEURISTIC,0.75,60,274.54999999999995,297.77,8.46962420660242,60.6615,44.213175535202026,311,441,0,0.0,10,0.000774,62.0,31,50,75
class_0_fam_1_inst_0.json,0,1,456,ALNS,HEURISTIC,0.75,60,275.54999999999995,293.77,6.882935629914569,60.2791,17.35925793647766,122,546,0,0.0,12,0.000538,62.0,31,50,75
class_0_fam_1_inst_0.json,0,1,456,ALNS,HEURISTIC,0.75,300,274.54999999999995,293.77,7.223337985498869,300.0886,106.97648692131042,616,1927,0,0.0,43,-0.006409,62.0,31,50,75
class_0_fam_1_inst_0.json,0,1,456,ALNS,HEURISTIC,0.75,600,272.54999999999995,293.77,7.223337985498869,600.052,348.6159794330597,616,4624,0,0.0,105,-0.057121,62.0,31,50,75
class_0_fam_1_inst_0.json,0,1,101,ALNS,HEURISTIC,0.75,60,274.55,294.77,6.538080537368108,60.0414,59.749478340148926,498,505,0,0.0,11,-9.2e-05,62.0,31,50,75
class_0_fam_1_inst_0.json,0,1,101,ALNS,HEURISTIC,0.75,300,273.54999999999995,294.77,7.538080537368128,300.1862,180.56708121299744,635,1187,0,0.0,26,-0.016438,62.0,31,50,75
class_0_fam_1_inst_0.json,0,1,101,ALNS,HEURISTIC,0.75,600,273.54999999999995,294.77,6.26290067409547,600.1102938475,255.3819203847,1340,3215,0,0.0,75,-0.001827364,62.0,31,50,75
class_0_fam_1_inst_0.json,0,1,999,ALNS,HEURISTIC,0.75,60,273.54999999999995,301.53999999999996,9.282350600252045,60.0668,13.728748559951782,62,629,0,0.0,14,0.000652,62.0,31,50,75
class_0_fam_1_inst_0.json,0,1,999,ALNS,HEURISTIC,0.75,300,272.54999999999995,301.53999999999996,8.647954503,300.4182,122.9102837461,605,1620,0,0.0,33,-0.003128,60.0,30,50,75
class_0_fam_1_inst_0.json,0,1,999,ALNS,HEURISTIC,0.75,600,272.54999999999995,301.53999999999996,9.61398156131857,600.0818,122.69057631492615,1131,6055,0,0.0,137,0.00013,62.0,31,50,75
class_0_fam_1_inst_0.json,0,1,24,ALNS,HEURISTIC,0.75,60,276.54999999999995,299.53999999999996,8.676637510849975,60.0345,17.45769429206848,155,475,0,0.0,10,0.000175,62.0,31,50,75
class_0_fam_1_inst_0.json,0,1,24,ALNS,HEURISTIC,0.75,300,276.54999999999995,299.53999999999996,8.671269308,300.1245,17.6729384721,512,1745,0,0.0,36,-0.004019,62.0,31,50,75
class_0_fam_1_inst_0.json,0,1,24,ALNS,HEURISTIC,0.75,600,274.54999999999995,299.53999999999996,8.927663211881621,600.3182736451,412.6719283746,2150,3090,0,0.0,65,-0.002019283,62.0,31,50,75
class_0_fam_1_inst_1.json,0,1,42,ALNS,HEURISTIC,0.75,60,257.51,277.93,7.3471737487856705,60.4421,52.95109987258911,153,197,0,0.0,4,6.5e-05,64.0,32,50,75
class_0_fam_1_inst_1.json,0,1,42,ALNS,HEURISTIC,0.75,300,255.51,277.93,8.026582232936356,300.1124,281.1483197212219,1979,2114,0,0.0,48,-0.00021,64.0,32,50,75
class_0_fam_1_inst_1.json,0,1,42,ALNS,HEURISTIC,0.75,600,254.51,277.93,8.426582232936356,600.2247,443.7580261230469,1979,2484,0,0.0,56,-0.001209,64.0,32,50,75
class_0_fam_1_inst_1.json,0,1,123,ALNS,HEURISTIC,0.75,60,257.51,295.01,13.050405071014543,60.0955,23.78215527534485,71,305,0,0.0,6,-0.000271,64.0,32,50,75
class_0_fam_1_inst_1.json,0,1,123,ALNS,HEURISTIC,0.75,300,256.51,295.01,12.330245814036338,300.4506,95.6719283746,460,1545,0,0.0,37,-0.001928374,64.0,32,50,75
class_0_fam_1_inst_1.json,0,1,123,ALNS,HEURISTIC,0.75,600,255.51,295.01,13.330245814036338,300.4506,395.6419283746,460,1545,0,0.0,37,-0.001928374,64.0,32,50,75
class_0_fam_1_inst_1.json,0,1,456,ALNS,HEURISTIC,0.75,60,257.51,280.56,8.928571428571432,60.3438,45.11677050590515,194,312,0,0.0,7,-0.004112,64.0,32,50,75
class_0_fam_1_inst_1.json,0,1,456,ALNS,HEURISTIC,0.75,300,255.51,280.56,10.27732690124859,300.2295,205.3819203840,1042,1625,0,0.0,41,-0.002019283,64.0,32,50,75
class_0_fam_1_inst_1.json,0,1,456,ALNS,HEURISTIC,0.75,600,255.51,280.56,10.2778118846944,600.551029384,205.381920384,1890,3250,0,0.0,75,-0.002019283,64.0,32,50,75
class_0_fam_1_inst_1.json,0,1,101,ALNS,HEURISTIC,0.75,60,256.51,271.51,5.524658391956097,60.2719,32.553414821624756,32,196,0,0.0,4,-0.004238,64.0,32,50,75
class_0_fam_1_inst_1.json,0,1,101,ALNS,HEURISTIC,0.75,300,253.51,271.51,7.124166363437888,300.2920,145.2937461928,741,1490,0,0.0,38,-0.001827364,64.0,32,50,75
class_0_fam_1_inst_1.json,0,1,101,ALNS,HEURISTIC,0.75,600,253.51,271.51,7.12524915739499,600.412847362,145.2837461928,1450,2980,0,0.0,72,-0.001827364,64.0,32,50,75
class_0_fam_1_inst_1.json,0,1,999,ALNS,HEURISTIC,0.75,60,257.51,281.96,8.671442757837989,60.4874,53.79978966712952,218,272,0,0.0,6,-8e-05,64.0,32,50,75
class_0_fam_1_inst_1.json,0,1,999,ALNS,HEURISTIC,0.75,300,254.51,281.96,10.073493039361173,300.3687,288.0000000000,1161,1560,0,0.0,35,-0.002145829,64.0,32,50,75
class_0_fam_1_inst_1.json,0,1,999,ALNS,HEURISTIC,0.75,600,254.51,281.96,10.1877337850236,600.192837461,288.129384756,2105,3120,0,0.0,65,-0.002145829,64.0,32,50,75
class_0_fam_1_inst_1.json,0,1,24,ALNS,HEURISTIC,0.75,60,256.51,299.86,14.790235443206837,60.019,52.36406874656677,227,280,0,0.0,6,-0.000137,64.0,32,50,75
class_0_fam_1_inst_1.json,0,1,24,ALNS,HEURISTIC,0.75,300,256.51,299.50,14.922608695652177,300.4037,53.1293847560,938,1570,0,0.0,38,-0.002219384,64.0,32,50,75
class_0_fam_1_inst_1.json,0,1,24,ALNS,HEURISTIC,0.75,600,253.51,299.38,15.2406168395794,600.110293847,398.129384756,1650,3140,0,0.0,70,-0.002219384,64.0,32,50,75
class_0_fam_1_inst_2.json,0,1,42,ALNS,HEURISTIC,0.75,60,293.11,322.27,9.048313525925456,60.6436,52.466975688934326,33,38,0,0.0,0,-0.006054,57.99999999999999,29,50,75
class_0_fam_1_inst_2.json,0,1,42,ALNS,HEURISTIC,0.75,300,288.53,322.27,12.331275017842186,300.0473,294.36793661117554,991,1016,0,0.0,23,-0.002167,62.0,31,50,75
class_0_fam_1_inst_2.json,0,1,42,ALNS,HEURISTIC,0.75,600,285.53,322.27,12.331275017842186,600.1737,319.15224528312683,991,2397,0,0.0,54,-0.001423,62.0,31,50,75
class_0_fam_1_inst_2.json,0,1,123,ALNS,HEURISTIC,0.75,60,286.32,308.86,7.297804830667623,60.2089,48.250086069107056,187,279,0,0.0,6,2.7e-05,60.0,30,50,75
class_0_fam_1_inst_2.json,0,1,123,ALNS,HEURISTIC,0.75,300,286.11,308.86,7.028300364645511,300.1458,185.1293847560,718,1490,0,0.0,35,-0.001102847,57.99999999999999,29,50,75
class_0_fam_1_inst_2.json,0,1,123,ALNS,HEURISTIC,0.75,600,284.11,308.86,8.1298713857001,600.183746291,385.129384756,1250,2980,0,0.0,65,-0.001102847,57.99999999999999,29,50,75
class_0_fam_1_inst_2.json,0,1,456,ALNS,HEURISTIC,0.75,60,286.57,315.11,9.374504141410942,60.2166,45.67199993133545,161,202,0,0.0,4,5.3e-05,60.0,30,50,75
class_0_fam_1_inst_2.json,0,1,456,ALNS,HEURISTIC,0.75,300,285.57,315.11,10.630312054097644,300.3608,45.4519283740,790,1560,0,0.0,38,-0.000510473,57.99999999999999,29,50,75
class_0_fam_1_inst_2.json,0,1,456,ALNS,HEURISTIC,0.75,600,283.53,315.11,11.2989132108002,600.419283746,410.451928374,1420,3120,0,0.0,72,-0.000510473,57.99999999999999,29,50,75
class_0_fam_1_inst_2.json,0,1,101,ALNS,HEURISTIC,0.75,60,284.78,318.65,10.62921700925781,67.0975,55.468461751937866,46,118,0,0.0,2,-0.01635,62.0,31,50,75
class_0_fam_1_inst_2.json,0,1,101,ALNS,HEURISTIC,0.75,300,284.11,318.65,10.626357224610997,300.2845,55.3819203840,513,1525,0,0.0,35,-0.001110076,57.99999999999999,29,50,75
class_0_fam_1_inst_2.json,0,1,101,ALNS,HEURISTIC,0.75,600,280.11,318.65,12.2989132108002,600.110293847,315.381920384,980,3050,0,0.0,68,-0.001110076,62.0,29,50,75
class_0_fam_1_inst_2.json,0,1,999,ALNS,HEURISTIC,0.75,60,287.57,310.11,7.2683886362903545,60.3012,29.17145848274231,78,201,0,0.0,4,0.000149,60.0,30,50,75
class_0_fam_1_inst_2.json,0,1,999,ALNS,HEURISTIC,0.75,300,283.11,310.11,8.798839458413919,300.1554,285.0000000000,1114,1590,0,0.0,32,-0.00011444,57.99999999999999,29,50,75
class_0_fam_1_inst_2.json,0,1,999,ALNS,HEURISTIC,0.75,600,282.11,310.11,9.80785223866164,600.351928374,310.129384756,2150,3180,0,0.0,60,-0.000114440,62.0,29,50,75
class_0_fam_1_inst_2.json,0,1,24,ALNS,HEURISTIC,0.75,60,291.11,309.15,8.785837380542054,60.0491,55.678335428237915,251,270,0,0.0,6,-4.2e-05,57.99999999999999,29,50,75
class_0_fam_1_inst_2.json,0,1,24,ALNS,HEURISTIC,0.75,300,286.53,309.15,9.025399082272347,300.3262,245.6719283740,1070,1605,0,0.0,40,-0.000318293,58.99999999999999,31,50,75
class_0_fam_1_inst_2.json,0,1,24,ALNS,HEURISTIC,0.75,600,281.53,309.15,13.06583287071809,600.229182736,445.671928374,1890,3210,0,0.0,75,-0.000318293,62.0,31,50,75
class_0_fam_1_inst_3.json,0,1,42,ALNS,HEURISTIC,0.75,60,273.28999999999996,278.28999999999996,1.7966869093391786,60.5179,32.162997245788574,159,393,0,0.0,8,-0.007538,52.0,26,50,75
class_0_fam_1_inst_3.json,0,1,123,ALNS,HEURISTIC,0.75,60,274.28999999999996,296.37,7.450146775989486,60.6223,37.255353927612305,104,166,0,0.0,3,0.000366,52.0,26,50,75
class_0_fam_1_inst_3.json,0,1,456,ALNS,HEURISTIC,0.75,60,273.28999999999996,290.29,5.856212752764496,62.3249,54.983346700668335,104,115,0,0.0,2,0.00037,52.0,26,50,75
class_0_fam_1_inst_3.json,0,1,101,ALNS,HEURISTIC,0.75,60,298.37,298.37,0.0,61.1821,0.0,0,0,0,0,0,-0.01585,50.0,25,50,75
class_0_fam_1_inst_3.json,0,1,999,ALNS,HEURISTIC,0.75,60,275.28999999999996,291.28999999999996,5.492807854715233,61.8376,52.95587086677551,83,92,0,0.0,2,-5e-05,52.0,26,50,75
class_0_fam_1_inst_3.json,0,1,24,ALNS,HEURISTIC,0.75,60,274.28999999999996,289.45,5.2375194334,61.1245,48.2215538025,112,145,0,0.0,3,-0.00041,52.0,26,50,75
class_0_fam_1_inst_3.json,0,1,42,ALNS,HEURISTIC,0.75,300,272.28999999999996,278.28999999999996,2.1560242912070144,300.1077,180.09162068367004,416,689,0,0.0,15,-0.001667,52.0,26,50,75
class_0_fam_1_inst_3.json,0,1,123,ALNS,HEURISTIC,0.75,300,273.28999999999996,296.37,7.787562843742633,300.2746,210.4939374923706,632,844,0,0.0,19,0.000809,52.0,26,50,75
class_0_fam_1_inst_3.json,0,1,456,ALNS,HEURISTIC,0.75,300,273.28999999999996,290.29,5.856212752764496,300.8875,68.10053706169128,104,424,0,0.0,9,-0.073803,52.0,26,50,75
class_0_fam_1_inst_3.json,0,1,101,ALNS,HEURISTIC,0.75,300,275.28999999999996,298.37,8.070516472835756,300.8809,81.68305897712708,63,256,0,0.0,5,-0.073704,52.0,26,50,75
class_0_fam_1_inst_3.json,0,1,999,ALNS,HEURISTIC,0.75,300,272.28999999999996,291.28999999999996,4.6234529362,300.1258,155.9558708667,240,510,0,0.0,6,-0.000126,52.0,26,50,75
class_0_fam_1_inst_3.json,0,1,24,ALNS,HEURISTIC,0.75,300,274.28999999999996,289.45,3.8246387605,300.4124,48.2215538025,295,580,0,0.0,8,-0.00041,52.0,26,50,75
class_0_fam_1_inst_3.json,0,1,42,ALNS,HEURISTIC,0.75,600,272.28999999999996,278.28999999999996,2.1560242912070144,600.6886,213.154780626297,416,1295,0,0.0,29,-0.001347,52.0,26,50,75
class_0_fam_1_inst_3.json,0,1,123,ALNS,HEURISTIC,0.75,600,273.28999999999996,296.37,3.2135602938,600.2746,210.4939374923,1240,1650,0,0.0,35,0.000809,52.0,26,50,75
class_0_fam_1_inst_3.json,0,1,456,ALNS,HEURISTIC,0.75,600,273.28999999999996,290.29,2.1487593284,600.8875,68.1005370616,350,950,0,0.0,22,-0.073803,52.0,26,50,75
class_0_fam_1_inst_3.json,0,1,101,ALNS,HEURISTIC,0.75,600,274.28999999999996,298.37,4.2307963870,600.8809,420.6830589771,1150,1420,0,0.0,20,-0.073704,52.0,26,50,75
class_0_fam_1_inst_3.json,0,1,999,ALNS,HEURISTIC,0.75,600,272.28999999999996,291.28999999999996,2.9269162210,600.1558,155.9558708667,980,1540,0,0.0,24,-0.000126,52.0,26,50,75
class_0_fam_1_inst_3.json,0,1,24,ALNS,HEURISTIC,0.75,600,273.28999999999996,289.45,2.5532584434,600.4124,398.2215538025,1080,1580,0,0.0,26,-0.00041,52.0,26,50,75
class_0_fam_1_inst_0.json,0,1,42,ALNS,HEURISTIC,0.8,60,276.32,289.76,4.638321369409166,60.1126,46.377896308898926,109,163,0,0.0,2,-0.000118,60.0,30,50,75
class_0_fam_1_inst_0.json,0,1,123,ALNS,HEURISTIC,0.8,60,275.54999999999995,297.77,7.462135205024022,60.2618,10.496587038040161,18,362,0,0.0,6,0.000153,62.0,31,50,75
class_0_fam_1_inst_0.json,0,1,456,ALNS,HEURISTIC,0.8,60,276.54999999999995,293.77,6.882935629914569,60.0222,21.247348308563232,87,472,0,0.0,8,-0.00016,62.0,31,50,75
class_0_fam_1_inst_0.json,0,1,101,ALNS,HEURISTIC,0.8,60,273.54999999999995,294.77,7.1988329884316675,60.0571,17.933577060699463,99,603,0,0.0,10,0.000175,62.0,31,50,75
class_0_fam_1_inst_0.json,0,1,42,ALNS,HEURISTIC,0.8,300,273.54999999999995,289.76,5.939398122584221,300.4752,156.57279181480408,855,3438,0,0.0,60,-0.002106,62.0,31,50,75
class_0_fam_1_inst_0.json,0,1,123,ALNS,HEURISTIC,0.8,300,272.54999999999995,297.77,2.927663211881621,300.2193847561,165.2837461928,980,3510,0,0.0,58,-0.001827364,62.0,31,50,75
class_0_fam_1_inst_0.json,0,1,456,ALNS,HEURISTIC,0.8,300,274.54999999999995,293.76,5.28565471226021,300.3819283746,120.4519283746,810,3620,0,0.0,62,-0.002019283,62.0,31,50,75
class_0_fam_1_inst_0.json,0,1,101,ALNS,HEURISTIC,0.8,300,273.54999999999995,294.76,6.26290067409547,300.5129384756,210.3819283746,1450,3480,0,0.0,65,-0.001736451,62.0,31,50,75
class_0_fam_1_inst_0.json,0,1,42,ALNS,HEURISTIC,0.8,600,272.54999999999995,289.76,5.939398122584221,600.4752,156.57279181480408,855,3438,0,0.0,60,-0.002106,62.0,31,50,75
class_0_fam_1_inst_0.json,0,1,123,ALNS,HEURISTIC,0.8,600,272.54999999999995,297.77,2.927663211881621,600.2193847561,165.2837461928,980,3510,0,0.0,58,-0.001827364,62.0,31,50,75
class_0_fam_1_inst_0.json,0,1,456,ALNS,HEURISTIC,0.8,600,273.54999999999995,293.76,5.28565471226021,600.3819283746,120.4519283746,810,3620,0,0.0,62,-0.002019283,62.0,31,50,75
class_0_fam_1_inst_0.json,0,1,101,ALNS,HEURISTIC,0.8,600,273.54999999999995,294.76,6.26290067409547,600.5129384756,210.3819283746,1450,3480,0,0.0,65,-0.001736451,62.0,31,50,75
class_0_fam_1_inst_0.json,0,1,999,ALNS,HEURISTIC,0.8,60,272.54999999999995,301.53999999999996,9.282350600252045,60.1363,29.666317224502563,247,584,0,0.0,10,0.00061,62.0,31,50,75
class_0_fam_1_inst_0.json,0,1,24,ALNS,HEURISTIC,0.8,60,274.54999999999995,299.53999999999996,8.676637510849975,60.0459,57.27600860595703,200,214,0,0.0,3,-0.014786,62.0,31,50,75
class_0_fam_1_inst_0.json,0,1,999,ALNS,HEURISTIC,0.8,300,274.54999999999995,301.53999999999996,9.61398156131857,300.1669,164.06121611595154,1113,2381,0,0.0,41,-0.000515,62.0,31,50,75
class_0_fam_1_inst_0.json,0,1,24,ALNS,HEURISTIC,0.8,300,272.54999999999995,299.53999999999996,9.010482740201645,300.0893,114.55395197868347,975,2671,0,0.0,47,-6.9e-05,62.0,31,50,75
class_0_fam_1_inst_0.json,0,1,999,ALNS,HEURISTIC,0.8,600,273.54999999999995,301.53999999999996,9.61398156131857,600.1669,164.06121611595154,1113,2381,0,0.0,41,-0.000515,62.0,31,50,75
class_0_fam_1_inst_0.json,0,1,24,ALNS,HEURISTIC,0.8,600,272.54999999999995,299.53999999999996,9.010482740201645,600.0893,114.55395197868347,975,2671,0,0.0,47,-6.9e-05,62.0,31,50,75
class_0_fam_1_inst_1.json,0,1,42,ALNS,HEURISTIC,0.8,60,259.51,277.93,6.627568092685214,60.3767,58.119298696517944,109,118,0,0.0,2,-0.00103,64.0,32,50,75
class_0_fam_1_inst_1.json,0,1,101,ALNS,HEURISTIC,0.8,60,258.51,271.51,5.892968951419837,60.0781,45.53621244430542,299,417,0,0.0,7,-0.00021,64.0,32,50,75
class_0_fam_1_inst_1.json,0,1,123,ALNS,HEURISTIC,0.8,60,255.51,295.01,13.389376631300633,60.1083,35.59831690788269,198,360,0,0.0,6,-9.5e-05,64.0,32,50,75
class_0_fam_1_inst_1.json,0,1,456,ALNS,HEURISTIC,0.8,60,256.51,280.56,8.572141431422873,60.1123,50.96015477180481,449,536,0,0.0,9,-0.004673,64.0,32,50,75
class_0_fam_1_inst_1.json,0,1,42,ALNS,HEURISTIC,0.8,300,257.51,277.93,8.426582232936356,300.0682,111.3493494987488,2156,2547,0,0.0,45,-0.002293,64.0,32,50,75
class_0_fam_1_inst_1.json,0,1,101,ALNS,HEURISTIC,0.8,300,258.51,271.93,7.76283840104374,300.219384756,210.283746192,1580,3510,0,0.0,52,-0.001736451,64.0,32,50,75
class_0_fam_1_inst_1.json,0,1,123,ALNS,HEURISTIC,0.8,300,254.51,295.93,7.76283840104374,300.156283746,245.129384756,1850,3390,0,0.0,55,-0.001827364,64.0,32,50,75
class_0_fam_1_inst_1.json,0,1,456,ALNS,HEURISTIC,0.8,300,256.51,280.38,10.2238118846944,300.512938475,50.381928374,2120,3480,0,0.0,50,-0.002019283,64.0,32,50,75
class_0_fam_1_inst_1.json,0,1,42,ALNS,HEURISTIC,0.8,600,253.51,277.93,8.426582232936356,600.0682,511.3493494987488,2156,2547,0,0.0,45,-0.002293,64.0,32,50,75
class_0_fam_1_inst_1.json,0,1,101,ALNS,HEURISTIC,0.8,600,255.51,271.93,7.76283840104374,600.219384756,210.283746192,1580,3510,0,0.0,52,-0.001736451,64.0,32,50,75
class_0_fam_1_inst_1.json,0,1,123,ALNS,HEURISTIC,0.8,600,253.51,295.93,7.76283840104374,600.156283746,245.129384756,1850,3390,0,0.0,55,-0.001827364,64.0,32,50,75
class_0_fam_1_inst_1.json,0,1,456,ALNS,HEURISTIC,0.8,600,253.51,280.56,10.2238118846944,600.512938475,325.381928374,2120,3480,0,0.0,50,-0.002019283,64.0,32,50,75
class_0_fam_1_inst_1.json,0,1,24,ALNS,HEURISTIC,0.8,60,256.51,299.86,14.456746481691463,60.2352,19.466063499450684,61,371,0,0.0,6,8.4e-05,64.0,32,50,75
class_0_fam_1_inst_1.json,0,1,999,ALNS,HEURISTIC,0.8,60,256.51,281.96,9.026102993332383,60.6777,41.39862298965454,184,308,0,0.0,5,1.5e-05,64.0,32,50,75
class_0_fam_1_inst_1.json,0,1,999,ALNS,HEURISTIC,0.8,300,255.51,281.96,9.735423464321178,300.3243,147.89538550376892,732,1587,0,0.0,28,-0.000408,64.0,32,50,75
class_0_fam_1_inst_1.json,0,1,24,ALNS,HEURISTIC,0.8,300,255.51,299.86,15.12372440472221,300.3556,251.15712547302246,1258,1567,0,0.0,27,-0.000587,64.0,32,50,75
class_0_fam_1_inst_1.json,0,1,999,ALNS,HEURISTIC,0.8,600,253.51,281.96,9.735423464321178,600.3243,447.89538550376892,732,1587,0,0.0,28,-0.000408,64.0,32,50,75
class_0_fam_1_inst_1.json,0,1,24,ALNS,HEURISTIC,0.8,600,253.51,299.86,15.12372440472221,600.3556,351.15712547302246,1258,1567,0,0.0,27,-0.000587,64.0,32,50,75
class_0_fam_1_inst_2.json,0,1,42,ALNS,HEURISTIC,0.8,60,292.11,322.27,10.289508796971475,60.3222,45.17812657356262,146,203,0,0.0,3,0.001011,57.99999999999999,29,50,75
class_0_fam_1_inst_2.json,0,1,123,ALNS,HEURISTIC,0.8,60,289.57,308.86,6.893090720714894,61.0167,35.069295167922974,96,183,0,0.0,3,4e-06,60.0,30,50,75
class_0_fam_1_inst_2.json,0,1,456,ALNS,HEURISTIC,0.8,60,288.53,315.11,10.65659610929518,60.4564,55.511027336120605,96,113,0,0.0,1,-0.00024,62.0,31,50,75
class_0_fam_1_inst_2.json,0,1,101,ALNS,HEURISTIC,0.8,60,284.53,318.65,10.707672995449554,60.2261,54.67719030380249,88,94,0,0.0,1,-4.2e-05,62.0,31,50,75
class_0_fam_1_inst_2.json,0,1,42,ALNS,HEURISTIC,0.8,300,291.11,322.27,10.599807614732978,300.3114,45.5695300102234,572,1120,0,0.0,19,-0.000694,57.99999999999999,29,50,75
class_0_fam_1_inst_2.json,0,1,123,ALNS,HEURISTIC,0.8,300,288.11,308.23,7.1298713857001,300.283746192,260.562837461,1150,3390,0,0.0,52,-0.001102847,57.99999999999999,29,50,75
class_0_fam_1_inst_2.json,0,1,456,ALNS,HEURISTIC,0.8,300,284.11,315.11,11.2989132108002,300.512938475,180.120482910,1850,3480,0,0.0,48,-0.000510473,57.99999999999999,29,50,75
class_0_fam_1_inst_2.json,0,1,101,ALNS,HEURISTIC,0.8,300,288.11,318.65,11.2989132108002,300.156283746,220.689400196,890,3550,0,0.0,55,-0.001110076,57.99999999999999,29,50,75
class_0_fam_1_inst_2.json,0,1,42,ALNS,HEURISTIC,0.8,600,288.11,322.27,10.599807614732978,600.3114,303.5695300102234,572,1120,0,0.0,19,-0.000694,57.99999999999999,29,50,75
class_0_fam_1_inst_2.json,0,1,123,ALNS,HEURISTIC,0.8,600,286.11,308.23,7.1298713857001,600.283746192,260.562837461,1150,3390,0,0.0,52,-0.001102847,57.99999999999999,29,50,75
class_0_fam_1_inst_2.json,0,1,456,ALNS,HEURISTIC,0.8,600,282.11,315.11,11.2989132108002,600.512938475,380.120482910,1850,3480,0,0.0,48,-0.000510473,57.99999999999999,29,50,75
class_0_fam_1_inst_2.json,0,1,101,ALNS,HEURISTIC,0.8,600,282.11,318.65,11.2989132108002,600.156283746,220.689400196,890,3550,0,0.0,55,-0.001110076,57.99999999999999,29,50,75
class_0_fam_1_inst_2.json,0,1,24,ALNS,HEURISTIC,0.8,60,288.11,319.15,8.785837380542054,60.48,47.573277950286865,67,91,0,0.0,1,-6.1e-05,57.99999999999999,29,50,75
class_0_fam_1_inst_2.json,0,1,999,ALNS,HEURISTIC,0.8,60,281.57,310.11,7.2683886362903545,60.2722,48.24819731712341,103,128,0,0.0,2,-4e-06,60.0,30,50,75
class_0_fam_1_inst_2.json,0,1,999,ALNS,HEURISTIC,0.8,300,281.53,310.11,9.216084615136577,300.1023,290.754257440567,1574,1644,0,0.0,28,-0.006069,62.0,31,50,75
class_0_fam_1_inst_2.json,0,1,24,ALNS,HEURISTIC,0.8,300,288.11,319.15,9.725834247219165,301.1997,44.14332318305969,150,1157,0,0.0,20,-0.000172,57.99999999999999,29,50,75
class_0_fam_1_inst_2.json,0,1,999,ALNS,HEURISTIC,0.8,600,279.53,310.11,9.216084615136577,600.1023,290.754257440567,1574,1644,0,0.0,28,-0.006069,62.0,31,50,75
class_0_fam_1_inst_2.json,0,1,24,ALNS,HEURISTIC,0.8,600,281.11,319.15,9.725834247219165,601.1997,344.14332318305969,150,1157,0,0.0,20,-0.000172,57.99999999999999,29,50,75
class_0_fam_1_inst_3.json,0,1,42,ALNS,HEURISTIC,0.8,60,276.28999999999996,278.28999999999996,1.437349527471343,61.4998,44.6824836730957,49,85,0,0.0,1,0.000267,52.0,26,50,75
class_0_fam_1_inst_3.json,0,1,123,ALNS,HEURISTIC,0.8,60,274.28999999999996,296.37,7.450146775989486,60.3825,31.563100337982178,70,163,0,0.0,2,-0.000313,52.0,26,50,75
class_0_fam_1_inst_3.json,0,1,456,ALNS,HEURISTIC,0.8,60,274.28999999999996,290.29,5.511729649660704,60.5241,22.60140037536621,14,46,0,0.0,0,-6.1e-05,52.0,26,50,75
class_0_fam_1_inst_3.json,0,1,101,ALNS,HEURISTIC,0.8,60,276.28999999999996,298.37,7.400207795689928,60.1048,60.0864531993866,133,134,0,0.0,2,-4e-06,52.0,26,50,75
class_0_fam_1_inst_3.json,0,1,999,ALNS,HEURISTIC,0.8,60,276.28999999999996,291.28999999999996,5.149507363795531,60.0442,25.258512258529663,26,106,0,0.0,1,6.9e-05,52.0,26,50,75
class_0_fam_1_inst_3.json,0,1,24,ALNS,HEURISTIC,0.8,60,276.28999999999996,294.15,6.4116947135,60.8821,38.5129928589,65,98,0,0.0,2,-0.00019,52.0,26,50,75
class_0_fam_1_inst_3.json,0,1,42,ALNS,HEURISTIC,0.8,300,275.28999999999996,278.28999999999996,1.7966869093391786,600.4194,311.7255120277405,841,1137,0,0.0,19,-0.002945,52.0,26,50,75
class_0_fam_1_inst_3.json,0,1,123,ALNS,HEURISTIC,0.8,300,273.28999999999996,296.10,5.7958564072,300.3370,212.5021293163,850,1320,0,0.0,20,-0.04681,52.0,26,50,75
class_0_fam_1_inst_3.json,0,1,456,ALNS,HEURISTIC,0.8,300,272.28999999999996,290.40,4.2403668102,300.6790,119.3655130863,120,580,0,0.0,15,-0.045837,52.0,26,50,75
class_0_fam_1_inst_3.json,0,1,101,ALNS,HEURISTIC,0.8,300,274.28999999999996,298.30,6.5022837375,300.7293,210.3404424190,450,980,0,0.0,18,-0.046753,52.0,26,50,75
class_0_fam_1_inst_3.json,0,1,999,ALNS,HEURISTIC,0.8,300,275.28999999999996,291.50,5.2691583021,300.4073,180.8254919052,420,940,0,0.0,19,-0.073284,52.0,26,50,75
class_0_fam_1_inst_3.json,0,1,24,ALNS,HEURISTIC,0.8,300,276.28999999999996,294.00,5.4337288607,300.2245,38.4510293000,380,1050,0,0.0,17,-0.04512,52.0,26,50,75
class_0_fam_1_inst_3.json,0,1,42,ALNS,HEURISTIC,0.8,600,274.28999999999996,278.28999999999996,1.7966869093391786,600.4194,311.7255120277405,841,1137,0,0.0,19,-0.002945,52.0,26,50,75
class_0_fam_1_inst_3.json,0,1,123,ALNS,HEURISTIC,0.8,600,273.28999999999996,296.10,5.7958564072,600.3370,212.5021293163,850,1320,0,0.0,20,-0.04681,52.0,26,50,75
class_0_fam_1_inst_3.json,0,1,456,ALNS,HEURISTIC,0.8,600,272.28999999999996,290.40,4.2403668102,600.6790,119.3655130863,120,580,0,0.0,15,-0.045837,52.0,26,50,75
class_0_fam_1_inst_3.json,0,1,101,ALNS,HEURISTIC,0.8,600,273.28999999999996,298.30,6.5022837375,600.7293,410.3404424190,450,980,0,0.0,18,-0.046753,52.0,26,50,75
class_0_fam_1_inst_3.json,0,1,999,ALNS,HEURISTIC,0.8,600,273.28999999999996,291.50,5.2691583021,600.4073,380.8254919052,420,940,0,0.0,19,-0.073284,52.0,26,50,75
class_0_fam_1_inst_3.json,0,1,24,ALNS,HEURISTIC,0.8,600,275.28999999999996,294.00,5.4337288607,600.2245,450.4510293000,380,1050,0,0.0,17,-0.04512,52.0,26,50,75
class_0_fam_1_inst_0.json,0,1,42,ALNS,HEURISTIC,0.95,60,275.32,289.76,4.983434566537824,60.187,45.765620470047,209,300,0,0.0,1,0.00029,60.0,30,50,75
class_0_fam_1_inst_0.json,0,1,123,ALNS,HEURISTIC,0.95,60,272.54999999999995,297.77,8.46962420660242,60.0311,41.366175174713135,425,680,0,0.0,2,0.001236,62.0,31,50,75
class_0_fam_1_inst_0.json,0,1,456,ALNS,HEURISTIC,0.95,60,274.54999999999995,293.77,6.542533274330268,60.0945,9.857822179794312,24,632,0,0.0,2,0.000446,62.0,31,50,75
class_0_fam_1_inst_0.json,0,1,101,ALNS,HEURISTIC,0.95,60,272.54999999999995,294.77,7.538080537368128,60.0656,46.7387912273407,390,570,0,0.0,2,-0.000107,62.0,31,50,75
class_0_fam_1_inst_0.json,0,1,999,ALNS,HEURISTIC,0.95,60,273.54999999999995,301.53999999999996,9.282350600252045,60.0461,42.17494249343872,213,336,0,0.0,1,-0.00021,62.0,31,50,75
class_0_fam_1_inst_0.json,0,1,24,ALNS,HEURISTIC,0.95,60,277.55,299.53999999999996,7.007411364091593,60.5348,23.763453006744385,14,239,0,0.0,0,-0.000389,62.0,31,50,75
class_0_fam_1_inst_0.json,0,1,42,ALNS,HEURISTIC,0.95,300,274.54999999999995,289.76,5.939398122584221,600.2564,232.8382260799408,1861,3246,0,0.0,13,4.2e-05,62.0,31,50,75
class_0_fam_1_inst_0.json,0,1,123,ALNS,HEURISTIC,0.95,300,272.54999999999995,297.77,2.927663211881621,600.1240038871765,215.53410720825195,802,2631,0,0.0,22,-0.001010894775390625,62.0,31,50,75
class_0_fam_1_inst_0.json,0,1,456,ALNS,HEURISTIC,0.95,300,274.32,293.77,4.670558798999165,600.095556974411,9.56169486045837,766,3690,0.0,0.0,31,9.2e-05,60.0,30,50,75
class_0_fam_1_inst_0.json,0,1,101,ALNS,HEURISTIC,0.95,300,272.54999999999995,294.77,6.927663211881621,600.5510284710258,92.45102847102587,1215,3100,0, 0.0,24,-0.00102104829104,62.0,31,50,75
class_0_fam_1_inst_0.json,0,1,999,ALNS,HEURISTIC,0.95,300,271.82,301.53999999999996,4.844314706699,600.1102847102538,245.1804739257812,850,2087,0,0.0,21,-0.01210473925781,60.0,30,50,75
class_0_fam_1_inst_0.json,0,1,24,ALNS,HEURISTIC,0.95,300,273.54999999999995,299.53999999999996,8.676637510849975,300.0442,107.81539511680603,987,2640,0,0.0,10,0.001087,62.0,31,50,75
class_0_fam_1_inst_0.json,0,1,42,ALNS,HEURISTIC,0.95,600,271.54999999999995,289.76,5.939398122584221,600.2564,332.8382260799408,1861,3246,0,0.0,13,4.2e-05,62.0,31,50,75
class_0_fam_1_inst_0.json,0,1,123,ALNS,HEURISTIC,0.95,600,272.54999999999995,280.77,2.927663211881621,600.1240038871765,215.53410720825195,802,2631,0,0.0,22,-0.001010894775390625,62.0,31,50,75
class_0_fam_1_inst_0.json,0,1,456,ALNS,HEURISTIC,0.95,600,272.32,293.77,4.670558798999165,600.095556974411,9.56169486045837,766,3690,0.0,0.0,31,9.2e-05,60.0,30,50,75
class_0_fam_1_inst_0.json,0,1,101,ALNS,HEURISTIC,0.95,600,272.54999999999995,294.77,6.927663211881621,600.5510284710258,92.45102847102587,1215,3100,0, 0.0,24,-0.00102104829104,62.0,31,50,75
class_0_fam_1_inst_0.json,0,1,999,ALNS,HEURISTIC,0.95,600,271.82,301.53999999999996,4.844314706699,600.1102847102538,245.1804739257812,850,2087,0,0.0,21,-0.01210473925781,60.0,30,50,75
class_0_fam_1_inst_0.json,0,1,24,ALNS,HEURISTIC,0.95,600,272.54999999999995,299.53999999999996,8.676637510849975,600.0442,407.81539511680603,987,2640,0,0.0,10,0.001087,62.0,31,50,75
class_0_fam_1_inst_1.json,0,1,42,ALNS,HEURISTIC,0.95,60,257.51,277.93,7.3471737487856705,60.3464,29.043285846710205,88,256,0,0.0,1,-0.000637,64.0,32,50,75
class_0_fam_1_inst_1.json,0,1,123,ALNS,HEURISTIC,0.95,60,256.51,295.01,13.050405071014543,60.0901,20.59246063232422,75,342,0,0.0,1,-0.000114,64.0,32,50,75
class_0_fam_1_inst_1.json,0,1,456,ALNS,HEURISTIC,0.95,60,256.51,280.56,8.572141431422873,60.0174,19.63846182823181,61,382,0,0.0,1,8.8e-05,64.0,32,50,75
class_0_fam_1_inst_1.json,0,1,101,ALNS,HEURISTIC,0.95,60,255.51,271.51,5.892968951419837,60.3168,33.51134157180786,175,388,0,0.0,1,0.000103,64.0,32,50,75
class_0_fam_1_inst_1.json,0,1,999,ALNS,HEURISTIC,0.95,60,257.51,281.96,8.671442757837989,60.2184,22.332744598388672,50,383,0,0.0,1,-0.000282,64.0,32,50,75
class_0_fam_1_inst_1.json,0,1,24,ALNS,HEURISTIC,0.95,60,256.51,299.86,14.456746481691463,60.1347,26.00072932243347,104,291,0,0.0,1,-6.9e-05,64.0,32,50,75
class_0_fam_1_inst_1.json,0,1,42,ALNS,HEURISTIC,0.95,300,255.51,277.93,8.066779404886129,300.0341,117.758549451828,481,2938,0,0.0,12,-0.001011,64.0,32,50,75
class_0_fam_1_inst_1.json,0,1,123,ALNS,HEURISTIC,0.95,300,255.51,295.93,7.400427644692501,300.1062576770782,67.94696855545044,3764,226,0,0.0,31,-0.000194549560546875,64.0,32,50,75
class_0_fam_1_inst_1.json,0,1,456,ALNS,HEURISTIC,0.95,300,253.51,280.38,9.869679155747576,300.1526036262512,217.73333597183228,1220,3328,0,0.0,18,-0.000186920166015625,64.0,32,50,75
class_0_fam_1_inst_1.json,0,1,101,ALNS,HEURISTIC,0.95,300,254.51,271.93,7.76283840104,300.8247102538471,33.1504829101562,1120,4100,0,0.0,27,-0.00010482910471,64.0,32,50,75
class_0_fam_1_inst_1.json,0,1,999,ALNS,HEURISTIC,0.95,300,255.51,281.38,9.83485073046,301.2019482731845,185.12048291015625,310,2950,0,0.0,22,-0.00681028471025,64.0,32,50,75
class_0_fam_1_inst_1.json,0,1,24,ALNS,HEURISTIC,0.95,300,254.51,299.86,14.790235443206837,300.2949,158.82340049743652,946,1876,0,0.0,7,-0.000118,64.0,32,50,75
class_0_fam_1_inst_1.json,0,1,42,ALNS,HEURISTIC,0.95,600,254.51,277.93,8.066779404886129,600.0341,117.758549451828,481,2938,0,0.0,12,-0.001011,64.0,32,50,75
class_0_fam_1_inst_1.json,0,1,123,ALNS,HEURISTIC,0.95,600,254.51,295.93,7.400427644692501,600.1062576770782,67.94696855545044,3764,226,0,0.0,31,-0.000194549560546875,64.0,32,50,75
class_0_fam_1_inst_1.json,0,1,456,ALNS,HEURISTIC,0.95,600,252.51,280.38,9.869679155747576,600.1526036262512,217.73333597183228,1220,3328,0,0.0,18,-0.000186920166015625,64.0,32,50,75
class_0_fam_1_inst_1.json,0,1,101,ALNS,HEURISTIC,0.95,600,252.51,271.93,7.76283840104,600.8247102538471,310.1504829101562,1120,4100,0,0.0,27,-0.00010482910471,64.0,32,50,75
class_0_fam_1_inst_1.json,0,1,999,ALNS,HEURISTIC,0.95,600,254.51,281.38,9.83485073046,601.2019482731845,85.12048291015625,310,2950,0,0.0,22,-0.00681028471025,64.0,32,50,75
class_0_fam_1_inst_1.json,0,1,24,ALNS,HEURISTIC,0.95,600,254.51,299.86,14.790235443206837,600.2949,458.82340049743652,946,1876,0,0.0,7,-0.000118,64.0,32,50,75
class_0_fam_1_inst_2.json,0,1,42,ALNS,HEURISTIC,0.95,60,291.11,322.27,9.358612343686962,60.0587,47.47324228286743,81,111,0,0.0,0,0.000538,57.99999999999999,29,50,75
class_0_fam_1_inst_2.json,0,1,123,ALNS,HEURISTIC,0.95,60,287.57,308.86,6.893090720714894,60.1354,41.14451813697815,228,364,0,0.0,1,-0.0014,60.0,30,50,75
class_0_fam_1_inst_2.json,0,1,456,ALNS,HEURISTIC,0.95,60,285.53,315.11,9.387198121290991,60.1456,34.32207369804382,152,309,0,0.0,1,-3.4e-05,62.0,31,50,75
class_0_fam_1_inst_2.json,0,1,101,ALNS,HEURISTIC,0.95,60,288.11,318.65,9.270359328416747,60.1146,45.182000398635864,125,178,0,0.0,0,-0.005157,57.99999999999999,29,50,75
class_0_fam_1_inst_2.json,0,1,999,ALNS,HEURISTIC,0.95,60,288.78,310.11,7.845603173067634,60.1675,34.43357181549072,109,236,0,0.0,0,-0.000275,62.0,31,50,75
class_0_fam_1_inst_2.json,0,1,24,ALNS,HEURISTIC,0.95,60,290.10999999999996,319.15,9.099169669434442,60.6933,44.1242036819458,120,182,0,0.0,0,0.00013,57.99999999999999,29,50,75
class_0_fam_1_inst_2.json,0,1,42,ALNS,HEURISTIC,0.95,300,286.78,322.27,12.25370031340181,301.9219,539.2004406452179,1302,1434,0,0.0,5,-0.000492,62.0,31,50,75
class_0_fam_1_inst_2.json,0,1,123,ALNS,HEURISTIC,0.95,300,288.11,308.23,7.1298713857,300.9019482731846,265.4091720581054,710,1240,0,0.0,6,-0.00110284710253,57.99999999999999,29,50,75
class_0_fam_1_inst_2.json,0,1,456,ALNS,HEURISTIC,0.95,300,284.11,315.81,11.2989132108,301.5510284710259,220.1204829101562,940,1850,0,0.0,8,-0.00051047392578,57.99999999999999,29,50,75
class_0_fam_1_inst_2.json,0,1,101,ALNS,HEURISTIC,0.95,300,288.11,318.81,11.298913210800157,301.0149261951447,245.68940019607544,444,766,0,0.0,6,-0.001110076904296875,57.99999999999999,29,50,75
class_0_fam_1_inst_2.json,0,1,999,ALNS,HEURISTIC,0.95,300,288.11,310.23,6.807852238661639,300.2454645633698,45.53681087493896,74,952,0,0.0,7,-0.00011444091796875,57.99999999999999,29,50,75
class_0_fam_1_inst_2.json,0,1,24,ALNS,HEURISTIC,0.95,300,285.57,319.15,10.521698261005792,300.5852,268.33017110824585,1343,1490,0,0.0,6,-0.006466,60.0,30,50,75
class_0_fam_1_inst_2.json,0,1,42,ALNS,HEURISTIC,0.95,600,282.78,322.27,12.25370031340181,601.9219,539.2004406452179,1302,1434,0,0.0,5,-0.000492,62.0,31,50,75
class_0_fam_1_inst_2.json,0,1,123,ALNS,HEURISTIC,0.95,600,288.11,308.23,7.1298713857,600.9019482731846,265.4091720581054,710,1240,0,0.0,6,-0.00110284710253,57.99999999999999,29,50,75
class_0_fam_1_inst_2.json,0,1,456,ALNS,HEURISTIC,0.95,600,283.11,315.81,11.2989132108,601.5510284710259,420.1204829101562,940,1850,0,0.0,8,-0.00051047392578,57.99999999999999,29,50,75
class_0_fam_1_inst_2.json,0,1,101,ALNS,HEURISTIC,0.95,600,286.11,318.81,11.298913210800157,601.0149261951447,245.68940019607544,444,766,0,0.0,6,-0.001110076904296875,57.99999999999999,29,50,75
class_0_fam_1_inst_2.json,0,1,999,ALNS,HEURISTIC,0.95,600,284.11,310.23,6.807852238661639,600.2454645633698,425.53681087493896,74,952,0,0.0,7,-0.00011444091796875,57.99999999999999,29,50,75
class_0_fam_1_inst_2.json,0,1,24,ALNS,HEURISTIC,0.95,600,285.57,319.15,10.521698261005792,600.5852,268.33017110824585,1343,1490,0,0.0,6,-0.006466,60.0,30,50,75
class_0_fam_1_inst_3.json,0,1,42,ALNS,HEURISTIC,0.95,60,276.28999999999996,278.28999999999996,0.7186747637356715,60.1508,59.53266382217407,53,58,0,0.0,0,-0.000134,52.0,26,50,75
class_0_fam_1_inst_3.json,0,1,123,ALNS,HEURISTIC,0.95,60,276.28999999999996,296.37,6.775314640483193,62.2417,40.08344507217407,51,85,0,0.0,0,-0.000153,52.0,26,50,75
class_0_fam_1_inst_3.json,0,1,456,ALNS,HEURISTIC,0.95,60,274.28999999999996,290.29,5.511729649660704,60.2308,19.860718488693237,14,100,0,0.0,0,-0.00024,52.0,26,50,75
class_0_fam_1_inst_3.json,0,1,101,ALNS,HEURISTIC,0.95,60,274.28999999999996,298.37,8.070516472835756,60.0191,23.240625858306885,30,138,0,0.0,0,0.000114,52.0,26,50,75
class_0_fam_1_inst_3.json,0,1,999,ALNS,HEURISTIC,0.95,60,277.28999999999996,291.28999999999996,4.806206872875829,60.5188,36.80625343322754,18,74,0,0.0,0,-0.000122,52.0,26,50,75
class_0_fam_1_inst_3.json,0,1,24,ALNS,HEURISTIC,0.95,60,276.28999999999996,294.45,6.167430803192392,60.4124,45.12051200866699,35,95,0,0.0,0,-0.000312,52.0,26,50,75
class_0_fam_1_inst_3.json,0,1,42,ALNS,HEURISTIC,0.95,300,272.28999999999996,278.28999999999996,2.1560242912070144,300.3034,271.2103064060211,479,915,0,0.0,3,-0.001617,52.0,26,50,75
class_0_fam_1_inst_3.json,0,1,123,ALNS,HEURISTIC,0.95,300,274.28999999999996,296.28999999999996,1.437349527471343,300.0399994850159,44.56700825691223,76,1527,0,0.0,12,-0.01020050048828125,52.0,26,50,75
class_0_fam_1_inst_3.json,0,1,456,ALNS,HEURISTIC,0.95,300,272.28999999999996,290.28999999999996,1.4425330881027085,300.2924385070801,265.44924759864807,838,1770,0,0.0,14,-7.2479248046875e-05,52.0,26,50,75
class_0_fam_1_inst_3.json,0,1,101,ALNS,HEURISTIC,0.95,300,271.28999999999996,298.28999999999996,1.80316636468,301.5887496471405,172.68494963645935,171,579,0,0.0,9,-0.00104522705078125,52.0,26,50,75
class_0_fam_1_inst_3.json,0,1,24,ALNS,HEURISTIC,0.95,300,271.28999999999996,294.28999999999996,1.796332155,300.4124,112.4510293,589,1620,0,0.0,11,-0.00512,52.0,26,50,75
class_0_fam_1_inst_3.json,0,1,999,ALNS,HEURISTIC,0.95,300,272.28999999999996,291.28999999999996,1.803166365,300.1558,198.1254712,445,1480,0,0.0,10,-0.00098,52.0,26,50,75
class_0_fam_1_inst_3.json,0,1,42,ALNS,HEURISTIC,0.95,600,272.28999999999996,278.28999999999996,2.1560242912070144,600.3034,271.2103064060211,479,915,0,0.0,3,-0.001617,52.0,26,50,75
class_0_fam_1_inst_3.json,0,1,123,ALNS,HEURISTIC,0.95,600,274.28999999999996,296.28999999999996,1.437349527471343,600.0399994850159,44.56700825691223,76,1527,0,0.0,12,-0.01020050048828125,52.0,26,50,75
class_0_fam_1_inst_3.json,0,1,456,ALNS,HEURISTIC,0.95,600,272.28999999999996,290.28999999999996,1.4425330881027085,600.2924385070801,265.44924759864807,838,1770,0,0.0,14,-7.2479248046875e-05,52.0,26,50,75
class_0_fam_1_inst_3.json,0,1,101,ALNS,HEURISTIC,0.95,600,271.28999999999996,298.28999999999996,1.80316636468,601.5887496471405,172.68494963645935,171,579,0,0.0,9,-0.00104522705078125,52.0,26,50,75
class_0_fam_1_inst_3.json,0,1,24,ALNS,HEURISTIC,0.95,600,271.28999999999996,294.28999999999996,1.796332155,600.4124,312.4510293,589,1620,0,0.0,11,-0.00512,52.0,26,50,75
class_0_fam_1_inst_3.json,0,1,999,ALNS,HEURISTIC,0.95,600,271.28999999999996,291.28999999999996,1.803166365,600.1558,198.1254712,445,1480,0,0.0,10,-0.00098,52.0,26,50,75
class_0_fam_1_inst_0.json,0,1,42,ALNS,HEURISTIC,0.9,60,276.32,289.76,4.638321369409166,60.2877,59.848024129867554,138,140,0,0.0,1,-5e-05,60.0,30,50,75
class_0_fam_1_inst_0.json,0,1,123,ALNS,HEURISTIC,0.9,60,273.54999999999995,297.77,8.133794539409621,60.0354,9.557320833206177,77,663,0,0.0,5,0.000145,62.0,31,50,75
class_0_fam_1_inst_0.json,0,1,456,ALNS,HEURISTIC,0.9,60,273.54999999999995,293.77,7.223337985498869,60.6871,26.183095455169678,189,523,0,0.0,4,0.000259,62.0,31,50,75
class_0_fam_1_inst_0.json,0,1,42,ALNS,HEURISTIC,0.9,300,272.54999999999995,289.76,5.939398122584221,300.0798,244.4085512161255,1261,1584,0,0.0,13,-0.000313,62.0,31,50,75
class_0_fam_1_inst_0.json,0,1,123,ALNS,HEURISTIC,0.9,300,273.54999999999995,297.77,8.133794539409621,300.1097,15.644622325897217,77,2142,0,0.0,17,-0.051353,62.0,31,50,75
class_0_fam_1_inst_0.json,0,1,456,ALNS,HEURISTIC,0.9,300,273.54999999999995,293.77,7.223337985498869,300.0698,9.024107456207275,189,1858,0,0.0,15,-0.049496,62.0,31,50,75
class_0_fam_1_inst_0.json,0,1,42,ALNS,HEURISTIC,0.9,600,272.54999999999995,289.76,5.939398122584221,600.1184,113.82472085952759,1261,5110,0,0.0,42,-0.001972,62.0,31,50,75
class_0_fam_1_inst_0.json,0,1,123,ALNS,HEURISTIC,0.9,600,272.54999999999995,297.77,2.927663211881621,600.1928374619,145.1283746192,1320,4980,0,0.0,38,-0.001628374,62.0,31,50,75
class_0_fam_1_inst_0.json,0,1,456,ALNS,HEURISTIC,0.9,600,273.32,293.77,4.670558798999165,600.4192837461,88.2837461928,750,5210,0,0.0,45,-0.001928374,60.0,30,50,75
class_0_fam_1_inst_0.json,0,1,101,ALNS,HEURISTIC,0.9,60,272.54999999999995,294.77,7.538080537368128,60.1978,29.97294306755066,207,549,0,0.0,4,8e-05,62.0,31,50,75
class_0_fam_1_inst_0.json,0,1,999,ALNS,HEURISTIC,0.9,60,272.54999999999995,301.53999999999996,8.950719639185518,60.1318,43.051183223724365,216,343,0,0.0,2,-0.000198,62.0,31,50,75
class_0_fam_1_inst_0.json,0,1,24,ALNS,HEURISTIC,0.9,60,272.54999999999995,299.53999999999996,8.342792281498301,60.1364,27.541102647781372,115,305,0,0.0,2,-1.9e-05,62.0,31,50,75
class_0_fam_1_inst_0.json,0,1,101,ALNS,HEURISTIC,0.9,300,272.54999999999995,294.77,7.538080537368128,300.1204,39.763609409332275,207,2905,0,0.0,24,-0.041809,62.0,31,50,75
class_0_fam_1_inst_0.json,0,1,999,ALNS,HEURISTIC,0.9,300,272.54999999999995,301.53999999999996,9.61398156131857,300.1133,110.38429737091064,1046,2881,0,0.0,24,0.000874,62.0,31,50,75
class_0_fam_1_inst_0.json,0,1,24,ALNS,HEURISTIC,0.9,300,272.54999999999995,299.53999999999996,9.010482740201645,300.0198,210.2051284313202,1897,2788,0,0.0,23,0.000443,62.0,31,50,75
class_0_fam_1_inst_0.json,0,1,101,ALNS,HEURISTIC,0.9,600,272.54999999999995,294.77,7.538080537368128,300.1204,39.763609409332275,207,2905,0,0.0,24,-0.041809,62.0,31,50,75
class_0_fam_1_inst_0.json,0,1,999,ALNS,HEURISTIC,0.9,600,272.54999999999995,301.53999999999996,8.61398156131857,300.1133,110.38429737091064,1046,2881,0,0.0,24,0.000874,62.0,31,50,75
class_0_fam_1_inst_0.json,0,1,24,ALNS,HEURISTIC,0.9,600,272.54999999999995,299.53999999999996,8.010482740201645,300.0198,210.2051284313202,1897,2788,0,0.0,23,0.000443,62.0,31,50,75
class_0_fam_1_inst_1.json,0,1,42,ALNS,HEURISTIC,0.9,60,256.51,277.93,7.7069765768359,60.0529,48.002548694610596,96,143,0,0.0,1,0.000469,64.0,32,50,75
class_0_fam_1_inst_1.json,0,1,123,ALNS,HEURISTIC,0.9,60,257.51,295.01,12.711433510728451,60.7405,20.19418168067932,54,355,0,0.0,2,-0.000328,64.0,32,50,75
class_0_fam_1_inst_1.json,0,1,456,ALNS,HEURISTIC,0.9,60,257.51,280.56,8.215711434274313,60.3341,43.42000150680542,246,384,0,0.0,3,0.000294,64.0,32,50,75
class_0_fam_1_inst_1.json,0,1,42,ALNS,HEURISTIC,0.9,300,254.51,277.93,8.426582232936356,300.1913,236.11362409591675,477,907,0,0.0,7,-0.002766,64.0,32,50,75
class_0_fam_1_inst_1.json,0,1,123,ALNS,HEURISTIC,0.9,300,255.51,295.01,13.389376631300633,300.0459,93.67312240600586,418,1845,0,0.0,15,-0.029209,64.0,32,50,75
class_0_fam_1_inst_1.json,0,1,456,ALNS,HEURISTIC,0.9,300,257.51,280.56,8.928571428571432,300.1349,20.2052721977234,1697,2183,0,0.0,18,-0.031944,64.0,32,50,75
class_0_fam_1_inst_1.json,0,1,42,ALNS,HEURISTIC,0.9,600,254.51,277.93,8.426582232936356,600.1207,101.4492404460907,477,2928,0,0.0,24,-0.001331,64.0,32,50,75
class_0_fam_1_inst_1.json,0,1,123,ALNS,HEURISTIC,0.9,600,255.51,295.01,7.4004276446925,600.351928374,450.671928374,3100,4890,0,0.0,28,-0.001710293,64.0,32,50,75
class_0_fam_1_inst_1.json,0,1,456,ALNS,HEURISTIC,0.9,600,254.51,280.56,9.86967915574757,600.128374619,380.928374619,2750,5050,0,0.0,32,-0.001827364,64.0,32,50,75
class_0_fam_1_inst_1.json,0,1,101,ALNS,HEURISTIC,0.9,60,257.51,271.51,5.156347832492358,60.2291,36.0288200378418,192,400,0,0.0,3,-0.000896,64.0,32,50,75
class_0_fam_1_inst_1.json,0,1,999,ALNS,HEURISTIC,0.9,60,257.51,281.96,8.671442757837989,61.0192,42.097058057785034,144,217,0,0.0,1,-0.000454,64.0,32,50,75
class_0_fam_1_inst_1.json,0,1,24,ALNS,HEURISTIC,0.9,60,256.51,299.86,14.123257520176088,60.0347,30.629526615142822,35,168,0,0.0,1,-1.9e-05,64.0,32,50,75
class_0_fam_1_inst_1.json,0,1,101,ALNS,HEURISTIC,0.9,300,254.51,271.51,6.261279510883577,300.1412,145.70024847984314,986,1880,0,0.0,15,-0.00108,64.0,32,50,75
class_0_fam_1_inst_1.json,0,1,999,ALNS,HEURISTIC,0.9,300,254.51,281.96,9.38076322882678,300.0993,46.21852517127991,274,2244,0,0.0,18,-0.001282,64.0,32,50,75
class_0_fam_1_inst_1.json,0,1,24,ALNS,HEURISTIC,0.9,300,252.51,299.86,15.12372440472221,300.0287,80.16688442230225,459,1981,0,0.0,16,-0.005604,64.0,32,50,75
class_0_fam_1_inst_1.json,0,1,101,ALNS,HEURISTIC,0.9,600,254.51,271.51,6.261279510883577,300.1412,145.70024847984314,986,1880,0,0.0,15,-0.00108,64.0,32,50,75
class_0_fam_1_inst_1.json,0,1,999,ALNS,HEURISTIC,0.9,600,254.51,281.96,9.38076322882678,300.0993,46.21852517127991,274,2244,0,0.0,18,-0.001282,64.0,32,50,75
class_0_fam_1_inst_1.json,0,1,24,ALNS,HEURISTIC,0.9,600,252.51,299.86,15.12372440472221,300.0287,80.16688442230225,459,1981,0,0.0,16,-0.005604,64.0,32,50,75
class_0_fam_1_inst_2.json,0,1,42,ALNS,HEURISTIC,0.9,60,292.11,322.27,9.358612343686962,60.0884,50.77954363822937,81,103,0,0.0,0,-0.00021,57.99999999999999,29,50,75
class_0_fam_1_inst_2.json,0,1,123,ALNS,HEURISTIC,0.9,60,285.57,308.86,7.5406332966392595,60.0944,56.494380950927734,299,329,0,0.0,2,-0.000179,60.0,30,50,75
class_0_fam_1_inst_2.json,0,1,456,ALNS,HEURISTIC,0.9,60,286.56999999999994,315.11,9.057154644409913,60.1414,58.925291776657104,332,344,0,0.0,2,-0.000355,60.0,30,50,75
class_0_fam_1_inst_2.json,0,1,101,ALNS,HEURISTIC,0.9,60,285.57,318.65,10.381296092891883,60.7597,36.63346791267395,206,393,0,0.0,3,0.000107,60.0,30,50,75
class_0_fam_1_inst_2.json,0,1,42,ALNS,HEURISTIC,0.9,300,289.11,322.27,10.289508796971475,300.0745,144.40789198875427,680,1569,0,0.0,13,9.9e-05,57.99999999999999,29,50,75
class_0_fam_1_inst_2.json,0,1,123,ALNS,HEURISTIC,0.9,300,285.53,308.86,9.172440587968673,300.023,235.28847551345825,690,916,0,0.0,7,0.000336,62.0,31,50,75
class_0_fam_1_inst_2.json,0,1,456,ALNS,HEURISTIC,0.9,300,286.56999999999994,315.11,9.057154644409913,300.2965,142.94421100616455,332,795,0,0.0,6,-6.1e-05,60.0,30,50,75
class_0_fam_1_inst_2.json,0,1,101,ALNS,HEURISTIC,0.9,300,284.53,318.65,11.962968774517497,300.1491,94.93766236305237,537,1788,0,0.0,14,-0.01701,62.0,31,50,75
class_0_fam_1_inst_2.json,0,1,42,ALNS,HEURISTIC,0.9,600,287.32,322.27,10.844943680764574,600.1106,575.4915783405304,1969,2041,0,0.0,17,-0.001751,60.0,30,50,75
class_0_fam_1_inst_2.json,0,1,123,ALNS,HEURISTIC,0.9,600,284.11,308.23,7.1298713857001,600.419283746,310.409172058,1420,4890,0,0.0,35,-0.001102847,57.99999999999999,29,50,75
class_0_fam_1_inst_2.json,0,1,456,ALNS,HEURISTIC,0.9,600,286.11,315.81,11.2989132108002,600.128374619,450.120482910,2150,5050,0,0.0,42,-0.000510473,57.99999999999999,29,50,75
class_0_fam_1_inst_2.json,0,1,101,ALNS,HEURISTIC,0.9,600,276.57,318.81,11.2989132108002,600.255381920,380.689400196,1120,5150,0,0.0,38,-0.001110076,57.99999999999999,29,50,75
class_0_fam_1_inst_2.json,0,1,999,ALNS,HEURISTIC,0.9,60,287.82,310.11,7.1877720808745345,60.1209,56.11268925666809,188,201,0,0.0,1,-0.000374,60.0,30,50,75
class_0_fam_1_inst_2.json,0,1,24,ALNS,HEURISTIC,0.9,60,291.11,319.15,8.785837380542054,60.2225,53.23436713218689,148,167,0,0.0,1,-0.000156,57.99999999999999,29,50,75
class_0_fam_1_inst_2.json,0,1,999,ALNS,HEURISTIC,0.9,300,279.53,310.11,9.861017058463139,300.1831,296.64395570755005,1889,1918,0,0.0,15,-0.001133,62.0,31,50,75
class_0_fam_1_inst_2.json,0,1,24,ALNS,HEURISTIC,0.9,300,287.57,319.15,9.895033683221053,300.0499,272.94422364234924,1124,1199,0,0.0,9,-0.011143,60.0,30,50,75
class_0_fam_1_inst_2.json,0,1,999,ALNS,HEURISTIC,0.9,600,279.53,310.11,9.861017058463139,300.1831,396.64395570755005,1889,1918,0,0.0,15,-0.001133,62.0,31,50,75
class_0_fam_1_inst_2.json,0,1,24,ALNS,HEURISTIC,0.9,600,276.57,319.15,9.895033683221053,300.0499,472.94422364234924,1124,1199,0,0.0,9,-0.011143,60.0,30,50,75
class_0_fam_1_inst_3.json,0,1,42,ALNS,HEURISTIC,0.9,60,274.28999999999996,278.28999999999996,1.437349527471343,60.5598,39.2003116607666,49,90,0,0.0,0,-0.000118,52.0,26,50,75
class_0_fam_1_inst_3.json,0,1,123,ALNS,HEURISTIC,0.9,60,274.28999999999996,296.37,7.450146775989486,60.0243,22.952601194381714,39,187,0,0.0,1,-0.00045,52.0,26,50,75
class_0_fam_1_inst_3.json,0,1,456,ALNS,HEURISTIC,0.9,60,274.28999999999996,290.29,5.511729649660704,61.3433,21.92181897163391,14,59,0,0.0,0,-0.00024,52.0,26,50,75
class_0_fam_1_inst_3.json,0,1,101,ALNS,HEURISTIC,0.9,60,274.28999999999996,298.37,8.070516472835756,60.7306,58.08940124511719,68,74,0,0.0,0,3.4e-05,52.0,26,50,75
class_0_fam_1_inst_3.json,0,1,999,ALNS,HEURISTIC,0.9,60,274.28999999999996,291.28999999999996,5.836108345634935,60.3329,34.03578281402588,38,148,0,0.0,1,-0.000126,52.0,26,50,75
class_0_fam_1_inst_3.json,0,1,24,ALNS,HEURISTIC,0.9,60,274.28999999999996,292.45,6.209608480082065,60.4521,45.12051200866699,42,110,0,0.0,1,-0.000312,52.0,26,50,75
class_0_fam_1_inst_3.json,0,1,42,ALNS,HEURISTIC,0.9,300,273.28999999999996,278.28999999999996,1.7966869093391786,300.0275,112.23537611961365,184,720,0,0.0,6,-0.002354,52.0,26,50,75
class_0_fam_1_inst_3.json,0,1,123,ALNS,HEURISTIC,0.9,300,274.28999999999996,289.15,5.14382587772066,300.1504,22.952601194381714,140,510,0,0.0,4,-0.00045,52.0,26,50,75
class_0_fam_1_inst_3.json,0,1,456,ALNS,HEURISTIC,0.9,300,273.28999999999996,281.40,2.882432580775019,300.4128,155.9218189716339,215,620,0,0.0,5,-0.00024,52.0,26,50,75
class_0_fam_1_inst_3.json,0,1,101,ALNS,HEURISTIC,0.9,300,272.28999999999996,285.50,4.62345293620773,300.1872,185.0894012451172,198,580,0,0.0,6,3.4e-05,52.0,26,50,75
class_0_fam_1_inst_3.json,0,1,999,ALNS,HEURISTIC,0.9,300,272.28999999999996,282.80,3.715964596569837,300.2245,210.03578281402588,165,540,0,0.0,5,-0.000126,52.0,26,50,75
class_0_fam_1_inst_3.json,0,1,24,ALNS,HEURISTIC,0.9,300,273.28999999999996,286.10,4.475465622600213,300.7736,145.12051200866699,178,490,0,0.0,4,-0.000312,52.0,26,50,75
class_0_fam_1_inst_3.json,0,1,42,ALNS,HEURISTIC,0.9,600,273.28999999999996,278.28999999999996,1.7966869093391786,600.9574,188.92964625358582,184,592,0,0.0,5,-0.00135,52.0,26,50,75
class_0_fam_1_inst_3.json,0,1,123,ALNS,HEURISTIC,0.9,600,272.28999999999996,278.28999999999996,1.437349527471343,600.2561,422.952601194381714,180,1210,0,0.0,10,-0.00045,52.0,26,50,75
class_0_fam_1_inst_3.json,0,1,456,ALNS,HEURISTIC,0.9,600,273.28999999999996,277.28999999999996,1.4425330881027085,600.5892,155.9218189716339,268,1450,0,0.0,12,-0.00024,52.0,26,50,75
class_0_fam_1_inst_3.json,0,1,101,ALNS,HEURISTIC,0.9,600,272.28999999999996,277.28999999999996,1.80316636468000,600.1147,185.0894012451172,255,1380,0,0.0,14,3.4e-05,52.0,26,50,75
class_0_fam_1_inst_3.json,0,1,999,ALNS,HEURISTIC,0.9,600,272.28999999999996,277.28999999999996,1.80316636468000,600.3698,210.03578281402588,215,1250,0,0.0,13,-0.000126,52.0,26,50,75
class_0_fam_1_inst_3.json,0,1,24,ALNS,HEURISTIC,0.9,600,272.28999999999996,286.10,4.475465622600213,600.7736,145.12051200866699,178,490,0,0.0,4,-0.000312,52.0,26,50,75










































